,mutation poition,mutation,start_pos,end_pos,original_peptide,after_mutation
0,5,F,1,9,MFVFLVLL,MFVFLVLL
1,9,L,1,9,MFVFLVLL,MFVFLVLL
2,5,F,2,10,FVFLVLLP,FVFLVLLP
3,9,L,2,10,FVFLVLLP,FVFLVLLP
4,5,F,3,11,VFLVLLPL,VFLVLLPL
5,9,L,3,11,VFLVLLPL,VFLVLLPL
6,5,F,4,12,FLVLLPLV,FLVLLPLV
7,9,L,4,12,FLVLLPLV,FLVLLPLV
8,5,F,5,13,LVLLPLVS,LVLLPLVF
9,9,L,5,13,LVLLPLVS,LVLLPLVS
10,9,L,6,14,VLLPLVSS,VLLPLVSS
11,9,L,7,15,LLPLVSSQ,LLPLVSSQ
12,9,L,8,16,LPLVSSQC,LPLVSSQC
13,9,L,9,17,PLVSSQCV,PLVSSQCL
14,18,F,10,18,LVSSQCVN,LVSSQCVF
15,18,F,11,19,VSSQCVNL,VSSQCVFL
16,19,I,11,19,VSSQCVNL,VSSQCVNI
17,19,R,11,19,VSSQCVNL,VSSQCVNR
18,18,F,12,20,SSQCVNLT,SSQCVFLT
19,19,I,12,20,SSQCVNLT,SSQCVNIT
20,19,R,12,20,SSQCVNLT,SSQCVNRT
21,20,N,12,20,SSQCVNLT,SSQCVNLN
22,18,F,13,21,SQCVNLTT,SQCVFLTT
23,19,I,13,21,SQCVNLTT,SQCVNITT
24,19,R,13,21,SQCVNLTT,SQCVNRTT
25,20,N,13,21,SQCVNLTT,SQCVNLNT
26,18,F,14,22,QCVNLTTR,QCVFLTTR
27,19,I,14,22,QCVNLTTR,QCVNITTR
28,19,R,14,22,QCVNLTTR,QCVNRTTR
29,20,N,14,22,QCVNLTTR,QCVNLNTR
30,18,F,15,23,CVNLTTRT,CVFLTTRT
31,19,I,15,23,CVNLTTRT,CVNITTRT
32,19,R,15,23,CVNLTTRT,CVNRTTRT
33,20,N,15,23,CVNLTTRT,CVNLNTRT
34,18,F,16,24,VNLTTRTQ,VFLTTRTQ
35,19,I,16,24,VNLTTRTQ,VNITTRTQ
36,19,R,16,24,VNLTTRTQ,VNRTTRTQ
37,20,N,16,24,VNLTTRTQ,VNLNTRTQ
38,18,F,17,25,NLTTRTQL,FLTTRTQL
39,19,I,17,25,NLTTRTQL,NITTRTQL
40,19,R,17,25,NLTTRTQL,NRTTRTQL
41,20,N,17,25,NLTTRTQL,NLNTRTQL
42,18,F,18,26,LTTRTQLP,LTTRTQLF
43,26,S,18,26,LTTRTQLP,LTTRTQLS
44,19,I,18,26,LTTRTQLP,ITTRTQLP
45,19,R,18,26,LTTRTQLP,RTTRTQLP
46,20,N,18,26,LTTRTQLP,LNTRTQLP
47,27,S,19,27,TTRTQLPP,TTRTQLPS
48,26,S,19,27,TTRTQLPP,TTRTQLSP
49,19,I,19,27,TTRTQLPP,TTRTQLPI
50,19,R,19,27,TTRTQLPP,TTRTQLPR
51,20,N,19,27,TTRTQLPP,NTRTQLPP
52,27,S,20,28,TRTQLPPA,TRTQLPSA
53,26,S,20,28,TRTQLPPA,TRTQLSPA
54,20,N,20,28,TRTQLPPA,TRTQLPPN
55,27,S,21,29,RTQLPPAY,RTQLPSAY
56,26,S,21,29,RTQLPPAY,RTQLSPAY
57,27,S,22,30,TQLPPAYT,TQLPSAYT
58,26,S,22,30,TQLPPAYT,TQLSPAYT
59,27,S,23,31,QLPPAYTN,QLPSAYTN
60,26,S,23,31,QLPPAYTN,QLSPAYTN
61,27,S,24,32,LPPAYTNS,LPSAYTNS
62,26,S,24,32,LPPAYTNS,LSPAYTNS
63,27,S,25,33,PPAYTNSF,PSAYTNSF
64,26,S,25,33,PPAYTNSF,SPAYTNSF
65,27,S,26,34,PAYTNSFT,SAYTNSFT
66,26,S,26,34,PAYTNSFT,PAYTNSFS
67,27,S,27,35,AYTNSFTR,AYTNSFTS
68,52,R,44,52,RSSVLHST,RSSVLHSR
69,52,R,45,53,SSVLHSTQ,SSVLHSRQ
70,52,R,46,54,SVLHSTQD,SVLHSRQD
71,52,R,47,55,VLHSTQDL,VLHSRQDL
72,52,R,48,56,LHSTQDLF,LHSRQDLF
73,52,R,49,57,HSTQDLFL,HSRQDLFL
74,52,R,50,58,STQDLFLP,SRQDLFLP
75,52,R,51,59,TQDLFLPF,RQDLFLPF
76,52,R,52,60,QDLFLPFF,QDLFLPFR
77,67,V,59,67,FSNVTWFH,FSNVTWFV
78,67,V,60,68,SNVTWFHA,SNVTWFVA
79,67,V,61,69,NVTWFHAI,NVTWFVAI
80,67,V,62,70,VTWFHAIH,VTWFVAIH
81,67,V,63,71,TWFHAIHV,TWFVAIHV
82,67,V,64,72,WFHAIHVS,WFVAIHVS
83,67,V,65,73,FHAIHVSG,FVAIHVSG
84,67,V,66,74,HAIHVSGT,VAIHVSGT
85,67,V,67,75,AIHVSGTN,AIHVSGTV
86,75,V,67,75,AIHVSGTN,AIHVSGTV
87,75,V,68,76,IHVSGTNG,IHVSGTVG
88,76,I,68,76,IHVSGTNG,IHVSGTNI
89,75,V,69,77,HVSGTNGT,HVSGTVGT
90,76,I,69,77,HVSGTNGT,HVSGTNIT
91,75,V,70,78,VSGTNGTK,VSGTVGTK
92,76,I,70,78,VSGTNGTK,VSGTNITK
93,75,V,71,79,SGTNGTKR,SGTVGTKR
94,76,I,71,79,SGTNGTKR,SGTNITKR
95,80,A,72,80,GTNGTKRF,GTNGTKRA
96,75,V,72,80,GTNGTKRF,GTVGTKRF
97,76,I,72,80,GTNGTKRF,GTNITKRF
98,80,A,73,81,TNGTKRFD,TNGTKRAD
99,75,V,73,81,TNGTKRFD,TVGTKRFD
100,76,I,73,81,TNGTKRFD,TNITKRFD
101,80,A,74,82,NGTKRFDN,NGTKRADN
102,75,V,74,82,NGTKRFDN,VGTKRFDN
103,76,I,74,82,NGTKRFDN,NITKRFDN
104,80,A,75,83,GTKRFDNP,GTKRADNP
105,75,V,75,83,GTKRFDNP,GTKRFDNV
106,76,I,75,83,GTKRFDNP,ITKRFDNP
107,80,A,76,84,TKRFDNPV,TKRADNPV
108,76,I,76,84,TKRFDNPV,TKRFDNPI
109,80,A,77,85,KRFDNPVL,KRADNPVL
110,80,A,78,86,RFDNPVLP,RADNPVLP
111,80,A,79,87,FDNPVLPF,ADNPVLPF
112,80,A,80,88,DNPVLPFN,DNPVLPFA
113,95,I,87,95,NDGVYFAS,NDGVYFAI
114,95,I,88,96,DGVYFAST,DGVYFAIT
115,95,I,89,97,GVYFASTE,GVYFAITE
116,95,I,90,98,VYFASTEK,VYFAITEK
117,95,I,91,99,YFASTEKS,YFAITEKS
118,95,I,92,100,FASTEKSN,FAITEKSN
119,95,I,93,101,ASTEKSNI,AITEKSNI
120,95,I,94,102,STEKSNII,ITEKSNII
121,95,I,95,103,TEKSNIIR,TEKSNIII
122,136,F,128,136,IKVCEFQF,IKVCEFQF
123,136,F,129,137,KVCEFQFC,KVCEFQFC
124,136,F,130,138,VCEFQFCN,VCEFQFCN
125,138,Y,130,138,VCEFQFCN,VCEFQFCY
126,136,F,131,139,CEFQFCND,CEFQFCND
127,138,Y,131,139,CEFQFCND,CEFQFCYD
128,136,F,132,140,EFQFCNDP,EFQFCNDP
129,138,Y,132,140,EFQFCNDP,EFQFCYDP
130,136,F,133,141,FQFCNDPF,FQFCNDPF
131,138,Y,133,141,FQFCNDPF,FQFCYDPF
132,136,F,134,142,QFCNDPFL,QFCNDPFL
133,138,Y,134,142,QFCNDPFL,QFCYDPFL
134,142,D,134,142,QFCNDPFL,QFCNDPFD
135,136,F,135,143,FCNDPFLG,FCNDPFLG
136,138,Y,135,143,FCNDPFLG,FCYDPFLG
137,142,D,135,143,FCNDPFLG,FCNDPFDG
138,136,F,136,144,CNDPFLGV,CNDPFLGF
139,138,Y,136,144,CNDPFLGV,CYDPFLGV
140,142,D,136,144,CNDPFLGV,CNDPFDGV
141,144,S,136,144,CNDPFLGV,CNDPFLGS
142,138,Y,137,145,NDPFLGVY,YDPFLGVY
143,142,D,137,145,NDPFLGVY,NDPFDGVY
144,144,S,137,145,NDPFLGVY,NDPFLGSY
145,145,D,137,145,NDPFLGVY,NDPFLGVD
146,145,H,137,145,NDPFLGVY,NDPFLGVH
147,145,N,137,145,NDPFLGVY,NDPFLGVN
148,138,Y,138,146,DPFLGVYY,DPFLGVYY
149,142,D,138,146,DPFLGVYY,DPFDGVYY
150,144,S,138,146,DPFLGVYY,DPFLGSYY
151,145,D,138,146,DPFLGVYY,DPFLGVDY
152,145,H,138,146,DPFLGVYY,DPFLGVHY
153,145,N,138,146,DPFLGVYY,DPFLGVNY
154,142,D,139,147,PFLGVYYH,PFDGVYYH
155,144,S,139,147,PFLGVYYH,PFLGSYYH
156,145,D,139,147,PFLGVYYH,PFLGVDYH
157,145,H,139,147,PFLGVYYH,PFLGVHYH
158,145,N,139,147,PFLGVYYH,PFLGVNYH
159,142,D,140,148,FLGVYYHK,FDGVYYHK
160,144,S,140,148,FLGVYYHK,FLGSYYHK
161,145,D,140,148,FLGVYYHK,FLGVDYHK
162,145,H,140,148,FLGVYYHK,FLGVHYHK
163,145,N,140,148,FLGVYYHK,FLGVNYHK
164,142,D,141,149,LGVYYHKN,DGVYYHKN
165,144,S,141,149,LGVYYHKN,LGSYYHKN
166,145,D,141,149,LGVYYHKN,LGVDYHKN
167,145,H,141,149,LGVYYHKN,LGVHYHKN
168,145,N,141,149,LGVYYHKN,LGVNYHKN
169,142,D,142,150,GVYYHKNN,GVYYHKND
170,144,S,142,150,GVYYHKNN,GSYYHKNN
171,145,D,142,150,GVYYHKNN,GVDYHKNN
172,145,H,142,150,GVYYHKNN,GVHYHKNN
173,145,N,142,150,GVYYHKNN,GVNYHKNN
174,144,S,143,151,VYYHKNNK,SYYHKNNK
175,145,D,143,151,VYYHKNNK,VDYHKNNK
176,145,H,143,151,VYYHKNNK,VHYHKNNK
177,145,N,143,151,VYYHKNNK,VNYHKNNK
178,144,S,144,152,YYHKNNKS,YYHKNNKS
179,145,D,144,152,YYHKNNKS,DYHKNNKS
180,145,H,144,152,YYHKNNKS,HYHKNNKS
181,145,N,144,152,YYHKNNKS,NYHKNNKS
182,145,D,145,153,YHKNNKSW,YHKNNKSD
183,145,H,145,153,YHKNNKSW,YHKNNKSH
184,145,N,145,153,YHKNNKSW,YHKNNKSN
185,154,K,146,154,HKNNKSWM,HKNNKSWK
186,154,K,147,155,KNNKSWME,KNNKSWKE
187,154,K,148,156,NNKSWMES,NNKSWKES
188,154,K,149,157,NKSWMESE,NKSWKESE
189,154,K,150,158,KSWMESEF,KSWKESEF
190,158,G,150,158,KSWMESEF,KSWMESEG
191,154,K,151,159,SWMESEFR,SWKESEFR
192,158,G,151,159,SWMESEFR,SWMESEGR
193,154,K,152,160,WMESEFRV,WKESEFRV
194,158,G,152,160,WMESEFRV,WMESEGRV
195,154,K,153,161,MESEFRVY,KESEFRVY
196,158,G,153,161,MESEFRVY,MESEGRVY
197,154,K,154,162,ESEFRVYS,ESEFRVYK
198,158,G,154,162,ESEFRVYS,ESEGRVYS
199,158,G,155,163,SEFRVYSS,SEGRVYSS
200,158,G,156,164,EFRVYSSA,EGRVYSSA
201,158,G,157,165,FRVYSSAN,GRVYSSAN
202,158,G,158,166,RVYSSANN,RVYSSANG
203,190,S,182,190,KQGNFKNL,KQGNFKNS
204,190,S,183,191,QGNFKNLR,QGNFKNSR
205,190,S,184,192,GNFKNLRE,GNFKNSRE
206,190,S,185,193,NFKNLREF,NFKNSREF
207,190,S,186,194,FKNLREFV,FKNSREFV
208,190,S,187,195,KNLREFVF,KNSREFVF
209,190,S,188,196,NLREFVFK,NSREFVFK
210,190,S,189,197,LREFVFKN,SREFVFKN
211,190,S,190,198,REFVFKNI,REFVFKNS
212,212,I,204,212,YSKHTPIN,YSKHTPII
213,212,I,205,213,SKHTPINL,SKHTPIIL
214,213,G,205,213,SKHTPINL,SKHTPING
215,212,I,206,214,KHTPINLV,KHTPIILV
216,213,G,206,214,KHTPINLV,KHTPINGV
217,215,G,207,215,HTPINLVR,HTPINLVG
218,212,I,207,215,HTPINLVR,HTPIILVR
219,213,G,207,215,HTPINLVR,HTPINGVR
220,215,G,208,216,TPINLVRD,TPINLVGD
221,212,I,208,216,TPINLVRD,TPIILVRD
222,213,G,208,216,TPINLVRD,TPINGVRD
223,215,G,209,217,PINLVRDL,PINLVGDL
224,212,I,209,217,PINLVRDL,PIILVRDL
225,213,G,209,217,PINLVRDL,PINGVRDL
226,215,G,210,218,INLVRDLP,INLVGDLP
227,212,I,210,218,INLVRDLP,IILVRDLP
228,213,G,210,218,INLVRDLP,INGVRDLP
229,215,G,211,219,NLVRDLPQ,NLVGDLPQ
230,212,I,211,219,NLVRDLPQ,ILVRDLPQ
231,213,G,211,219,NLVRDLPQ,NGVRDLPQ
232,215,G,212,220,LVRDLPQG,LVGDLPQG
233,212,I,212,220,LVRDLPQG,LVRDLPQI
234,213,G,212,220,LVRDLPQG,GVRDLPQG
235,215,G,213,221,VRDLPQGF,VGDLPQGF
236,213,G,213,221,VRDLPQGF,VRDLPQGG
237,222,V,214,222,RDLPQGFS,RDLPQGFV
238,215,G,214,222,RDLPQGFS,GDLPQGFS
239,222,V,215,223,DLPQGFSA,DLPQGFVA
240,215,G,215,223,DLPQGFSA,DLPQGFSG
241,222,V,216,224,LPQGFSAL,LPQGFVAL
242,222,V,217,225,PQGFSALE,PQGFVALE
243,222,V,218,226,QGFSALEP,QGFVALEP
244,222,V,219,227,GFSALEPL,GFVALEPL
245,222,V,220,228,FSALEPLV,FVALEPLV
246,222,V,221,229,SALEPLVD,VALEPLVD
247,222,V,222,230,ALEPLVDL,ALEPLVDV
248,253,N,245,253,HRSYLTPG,HRSYLTPN
249,253,N,246,254,RSYLTPGD,RSYLTPND
250,253,N,247,255,SYLTPGDS,SYLTPNDS
251,253,N,248,256,YLTPGDSS,YLTPNDSS
252,253,N,249,257,LTPGDSSS,LTPNDSSS
253,253,N,250,258,TPGDSSSG,TPNDSSSG
254,253,N,251,259,PGDSSSGW,PNDSSSGW
255,253,N,252,260,GDSSSGWT,NDSSSGWT
256,253,N,253,261,DSSSGWTA,DSSSGWTN
257,339,D,331,339,NITNLCPF,NITNLCPD
258,339,D,332,340,ITNLCPFG,ITNLCPDG
259,339,D,333,341,TNLCPFGE,TNLCPDGE
260,339,D,334,342,NLCPFGEV,NLCPDGEV
261,339,D,335,343,LCPFGEVF,LCPDGEVF
262,339,D,336,344,CPFGEVFN,CPDGEVFN
263,339,D,337,345,PFGEVFNA,PDGEVFNA
264,339,D,338,346,FGEVFNAT,DGEVFNAT
265,346,K,338,346,FGEVFNAT,FGEVFNAK
266,339,D,339,347,GEVFNATR,GEVFNATD
267,346,K,339,347,GEVFNATR,GEVFNAKR
268,346,K,340,348,EVFNATRF,EVFNAKRF
269,346,K,341,349,VFNATRFA,VFNAKRFA
270,346,K,342,350,FNATRFAS,FNAKRFAS
271,346,K,343,351,NATRFASV,NAKRFASV
272,346,K,344,352,ATRFASVY,AKRFASVY
273,346,K,345,353,TRFASVYA,KRFASVYA
274,346,K,346,354,RFASVYAW,RFASVYAK
275,371,F,363,371,ADYSVLYN,ADYSVLYF
276,371,L,363,371,ADYSVLYN,ADYSVLYL
277,371,F,364,372,DYSVLYNS,DYSVLYFS
278,371,L,364,372,DYSVLYNS,DYSVLYLS
279,371,F,365,373,YSVLYNSA,YSVLYFSA
280,371,L,365,373,YSVLYNSA,YSVLYLSA
281,373,P,365,373,YSVLYNSA,YSVLYNSP
282,371,F,366,374,SVLYNSAS,SVLYFSAS
283,371,L,366,374,SVLYNSAS,SVLYLSAS
284,373,P,366,374,SVLYNSAS,SVLYNSPS
285,371,F,367,375,VLYNSASF,VLYFSASF
286,371,L,367,375,VLYNSASF,VLYLSASF
287,373,P,367,375,VLYNSASF,VLYNSPSF
288,375,F,367,375,VLYNSASF,VLYNSASF
289,371,F,368,376,LYNSASFS,LYFSASFS
290,371,L,368,376,LYNSASFS,LYLSASFS
291,373,P,368,376,LYNSASFS,LYNSPSFS
292,375,F,368,376,LYNSASFS,LYNSASFS
293,376,A,368,376,LYNSASFS,LYNSASFA
294,371,F,369,377,YNSASFST,YFSASFST
295,371,L,369,377,YNSASFST,YLSASFST
296,373,P,369,377,YNSASFST,YNSPSFST
297,375,F,369,377,YNSASFST,YNSASFST
298,376,A,369,377,YNSASFST,YNSASFAT
299,371,F,370,378,NSASFSTF,FSASFSTF
300,371,L,370,378,NSASFSTF,LSASFSTF
301,373,P,370,378,NSASFSTF,NSPSFSTF
302,375,F,370,378,NSASFSTF,NSASFSTF
303,376,A,370,378,NSASFSTF,NSASFATF
304,371,F,371,379,SASFSTFK,SASFSTFF
305,371,L,371,379,SASFSTFK,SASFSTFL
306,373,P,371,379,SASFSTFK,SPSFSTFK
307,375,F,371,379,SASFSTFK,SASFSTFK
308,376,A,371,379,SASFSTFK,SASFATFK
309,373,P,372,380,ASFSTFKC,PSFSTFKC
310,375,F,372,380,ASFSTFKC,ASFSTFKC
311,376,A,372,380,ASFSTFKC,ASFATFKC
312,373,P,373,381,SFSTFKCY,SFSTFKCP
313,375,F,373,381,SFSTFKCY,SFSTFKCY
314,376,A,373,381,SFSTFKCY,SFATFKCY
315,375,F,374,382,FSTFKCYG,FSTFKCYG
316,376,A,374,382,FSTFKCYG,FATFKCYG
317,375,F,375,383,STFKCYGV,STFKCYGF
318,376,A,375,383,STFKCYGV,ATFKCYGV
319,376,A,376,384,TFKCYGVS,TFKCYGVA
320,405,N,397,405,ADSFVIRG,ADSFVIRN
321,405,N,398,406,DSFVIRGD,DSFVIRND
322,405,N,399,407,SFVIRGDE,SFVIRNDE
323,405,N,400,408,FVIRGDEV,FVIRNDEV
324,408,S,400,408,FVIRGDEV,FVIRGDES
325,405,N,401,409,VIRGDEVR,VIRNDEVR
326,408,S,401,409,VIRGDEVR,VIRGDESR
327,405,N,402,410,IRGDEVRQ,IRNDEVRQ
328,408,S,402,410,IRGDEVRQ,IRGDESRQ
329,405,N,403,411,RGDEVRQI,RNDEVRQI
330,408,S,403,411,RGDEVRQI,RGDESRQI
331,405,N,404,412,GDEVRQIA,NDEVRQIA
332,408,S,404,412,GDEVRQIA,GDESRQIA
333,405,N,405,413,DEVRQIAP,DEVRQIAN
334,408,S,405,413,DEVRQIAP,DESRQIAP
335,408,S,406,414,EVRQIAPG,ESRQIAPG
336,408,S,407,415,VRQIAPGQ,SRQIAPGQ
337,408,S,408,416,RQIAPGQT,RQIAPGQS
338,417,N,409,417,QIAPGQTG,QIAPGQTN
339,417,T,409,417,QIAPGQTG,QIAPGQTT
340,417,N,410,418,IAPGQTGK,IAPGQTNK
341,417,T,410,418,IAPGQTGK,IAPGQTTK
342,417,N,411,419,APGQTGKI,APGQTNKI
343,417,T,411,419,APGQTGKI,APGQTTKI
344,417,N,412,420,PGQTGKIA,PGQTNKIA
345,417,T,412,420,PGQTGKIA,PGQTTKIA
346,417,N,413,421,GQTGKIAD,GQTNKIAD
347,417,T,413,421,GQTGKIAD,GQTTKIAD
348,417,N,414,422,QTGKIADY,QTNKIADY
349,417,T,414,422,QTGKIADY,QTTKIADY
350,417,N,415,423,TGKIADYN,TNKIADYN
351,417,T,415,423,TGKIADYN,TTKIADYN
352,417,N,416,424,GKIADYNY,NKIADYNY
353,417,T,416,424,GKIADYNY,TKIADYNY
354,417,N,417,425,KIADYNYK,KIADYNYN
355,417,T,417,425,KIADYNYK,KIADYNYT
356,440,K,432,440,CVIAWNSN,CVIAWNSK
357,440,K,433,441,VIAWNSNN,VIAWNSKN
358,440,K,434,442,IAWNSNNL,IAWNSKNL
359,440,K,435,443,AWNSNNLD,AWNSKNLD
360,440,K,436,444,WNSNNLDS,WNSKNLDS
361,440,K,437,445,NSNNLDSK,NSKNLDSK
362,446,S,438,446,SNNLDSKV,SNNLDSKS
363,440,K,438,446,SNNLDSKV,SKNLDSKV
364,446,S,439,447,NNLDSKVG,NNLDSKSG
365,440,K,439,447,NNLDSKVG,KNLDSKVG
366,446,S,440,448,NLDSKVGG,NLDSKSGG
367,440,K,440,448,NLDSKVGG,NLDSKVGK
368,446,S,441,449,LDSKVGGN,LDSKSGGN
369,449,H,441,449,LDSKVGGN,LDSKVGGH
370,446,S,442,450,DSKVGGNY,DSKSGGNY
371,449,H,442,450,DSKVGGNY,DSKVGGHY
372,446,S,443,451,SKVGGNYN,SKSGGNYN
373,449,H,443,451,SKVGGNYN,SKVGGHYN
374,446,S,444,452,KVGGNYNY,KSGGNYNY
375,452,Q,444,452,KVGGNYNY,KVGGNYNQ
376,452,R,444,452,KVGGNYNY,KVGGNYNR
377,449,H,444,452,KVGGNYNY,KVGGHYNY
378,446,S,445,453,VGGNYNYL,SGGNYNYL
379,452,Q,445,453,VGGNYNYL,VGGNYNQL
380,452,R,445,453,VGGNYNYL,VGGNYNRL
381,449,H,445,453,VGGNYNYL,VGGHYNYL
382,446,S,446,454,GGNYNYLY,GGNYNYLS
383,452,Q,446,454,GGNYNYLY,GGNYNQLY
384,452,R,446,454,GGNYNYLY,GGNYNRLY
385,449,H,446,454,GGNYNYLY,GGHYNYLY
386,452,Q,447,455,GNYNYLYR,GNYNQLYR
387,452,R,447,455,GNYNYLYR,GNYNRLYR
388,449,H,447,455,GNYNYLYR,GHYNYLYR
389,452,Q,448,456,NYNYLYRL,NYNQLYRL
390,452,R,448,456,NYNYLYRL,NYNRLYRL
391,449,H,448,456,NYNYLYRL,HYNYLYRL
392,452,Q,449,457,YNYLYRLF,YNQLYRLF
393,452,R,449,457,YNYLYRLF,YNRLYRLF
394,449,H,449,457,YNYLYRLF,YNYLYRLH
395,452,Q,450,458,NYLYRLFR,NQLYRLFR
396,452,R,450,458,NYLYRLFR,NRLYRLFR
397,452,Q,451,459,YLYRLFRK,QLYRLFRK
398,452,R,451,459,YLYRLFRK,RLYRLFRK
399,452,Q,452,460,LYRLFRKS,LYRLFRKQ
400,452,R,452,460,LYRLFRKS,LYRLFRKR
401,477,N,469,477,STEIYQAG,STEIYQAN
402,477,N,470,478,TEIYQAGS,TEIYQANS
403,478,K,470,478,TEIYQAGS,TEIYQAGK
404,477,N,471,479,EIYQAGST,EIYQANST
405,478,K,471,479,EIYQAGST,EIYQAGKT
406,477,N,472,480,IYQAGSTP,IYQANSTP
407,478,K,472,480,IYQAGSTP,IYQAGKTP
408,477,N,473,481,YQAGSTPC,YQANSTPC
409,478,K,473,481,YQAGSTPC,YQAGKTPC
410,477,N,474,482,QAGSTPCN,QANSTPCN
411,478,K,474,482,QAGSTPCN,QAGKTPCN
412,477,N,475,483,AGSTPCNG,ANSTPCNG
413,478,K,475,483,AGSTPCNG,AGKTPCNG
414,484,A,476,484,GSTPCNGV,GSTPCNGA
415,484,K,476,484,GSTPCNGV,GSTPCNGK
416,484,Q,476,484,GSTPCNGV,GSTPCNGQ
417,477,N,476,484,GSTPCNGV,NSTPCNGV
418,478,K,476,484,GSTPCNGV,GKTPCNGV
419,484,A,477,485,STPCNGVE,STPCNGAE
420,484,K,477,485,STPCNGVE,STPCNGKE
421,484,Q,477,485,STPCNGVE,STPCNGQE
422,477,N,477,485,STPCNGVE,STPCNGVN
423,478,K,477,485,STPCNGVE,KTPCNGVE
424,484,A,478,486,TPCNGVEG,TPCNGAEG
425,484,K,478,486,TPCNGVEG,TPCNGKEG
426,484,Q,478,486,TPCNGVEG,TPCNGQEG
427,478,K,478,486,TPCNGVEG,TPCNGVEK
428,484,A,479,487,PCNGVEGF,PCNGAEGF
429,484,K,479,487,PCNGVEGF,PCNGKEGF
430,484,Q,479,487,PCNGVEGF,PCNGQEGF
431,484,A,480,488,CNGVEGFN,CNGAEGFN
432,484,K,480,488,CNGVEGFN,CNGKEGFN
433,484,Q,480,488,CNGVEGFN,CNGQEGFN
434,484,A,481,489,NGVEGFNC,NGAEGFNC
435,484,K,481,489,NGVEGFNC,NGKEGFNC
436,484,Q,481,489,NGVEGFNC,NGQEGFNC
437,484,A,482,490,GVEGFNCY,GAEGFNCY
438,484,K,482,490,GVEGFNCY,GKEGFNCY
439,484,Q,482,490,GVEGFNCY,GQEGFNCY
440,490,S,482,490,GVEGFNCY,GVEGFNCS
441,484,A,483,491,VEGFNCYF,AEGFNCYF
442,484,K,483,491,VEGFNCYF,KEGFNCYF
443,484,Q,483,491,VEGFNCYF,QEGFNCYF
444,490,S,483,491,VEGFNCYF,VEGFNCSF
445,484,A,484,492,EGFNCYFP,EGFNCYFA
446,484,K,484,492,EGFNCYFP,EGFNCYFK
447,484,Q,484,492,EGFNCYFP,EGFNCYFQ
448,490,S,484,492,EGFNCYFP,EGFNCSFP
449,490,S,485,493,GFNCYFPL,GFNCSFPL
450,493,R,485,493,GFNCYFPL,GFNCYFPR
451,490,S,486,494,FNCYFPLQ,FNCSFPLQ
452,493,R,486,494,FNCYFPLQ,FNCYFPRQ
453,490,S,487,495,NCYFPLQS,NCSFPLQS
454,493,R,487,495,NCYFPLQS,NCYFPRQS
455,490,S,488,496,CYFPLQSY,CSFPLQSY
456,496,S,488,496,CYFPLQSY,CYFPLQSS
457,493,R,488,496,CYFPLQSY,CYFPRQSY
458,490,S,489,497,YFPLQSYG,SFPLQSYG
459,496,S,489,497,YFPLQSYG,YFPLQSSG
460,493,R,489,497,YFPLQSYG,YFPRQSYG
461,490,S,490,498,FPLQSYGF,FPLQSYGS
462,496,S,490,498,FPLQSYGF,FPLQSSGF
463,493,R,490,498,FPLQSYGF,FPRQSYGF
464,498,R,490,498,FPLQSYGF,FPLQSYGR
465,496,S,491,499,PLQSYGFQ,PLQSSGFQ
466,493,R,491,499,PLQSYGFQ,PRQSYGFQ
467,498,R,491,499,PLQSYGFQ,PLQSYGRQ
468,496,S,492,500,LQSYGFQP,LQSSGFQP
469,493,R,492,500,LQSYGFQP,RQSYGFQP
470,498,R,492,500,LQSYGFQP,LQSYGRQP
471,496,S,493,501,QSYGFQPT,QSSGFQPT
472,501,Y,493,501,QSYGFQPT,QSYGFQPY
473,493,R,493,501,QSYGFQPT,QSYGFQPR
474,498,R,493,501,QSYGFQPT,QSYGRQPT
475,496,S,494,502,SYGFQPTN,SSGFQPTN
476,501,Y,494,502,SYGFQPTN,SYGFQPYN
477,498,R,494,502,SYGFQPTN,SYGRQPTN
478,496,S,495,503,YGFQPTNG,SGFQPTNG
479,501,Y,495,503,YGFQPTNG,YGFQPYNG
480,498,R,495,503,YGFQPTNG,YGRQPTNG
481,496,S,496,504,GFQPTNGV,GFQPTNGS
482,501,Y,496,504,GFQPTNGV,GFQPYNGV
483,498,R,496,504,GFQPTNGV,GRQPTNGV
484,501,Y,497,505,FQPTNGVG,FQPYNGVG
485,498,R,497,505,FQPTNGVG,RQPTNGVG
486,505,H,497,505,FQPTNGVG,FQPTNGVH
487,501,Y,498,506,QPTNGVGY,QPYNGVGY
488,498,R,498,506,QPTNGVGY,QPTNGVGR
489,505,H,498,506,QPTNGVGY,QPTNGVHY
490,501,Y,499,507,PTNGVGYQ,PYNGVGYQ
491,505,H,499,507,PTNGVGYQ,PTNGVHYQ
492,501,Y,500,508,TNGVGYQP,YNGVGYQP
493,505,H,500,508,TNGVGYQP,TNGVHYQP
494,501,Y,501,509,NGVGYQPY,NGVGYQPY
495,505,H,501,509,NGVGYQPY,NGVHYQPY
496,505,H,502,510,GVGYQPYR,GVHYQPYR
497,505,H,503,511,VGYQPYRV,VHYQPYRV
498,505,H,504,512,GYQPYRVV,HYQPYRVV
499,505,H,505,513,YQPYRVVV,YQPYRVVH
500,547,K,539,547,VNFNFNGL,VNFNFNGK
501,547,K,540,548,NFNFNGLT,NFNFNGKT
502,547,K,541,549,FNFNGLTG,FNFNGKTG
503,547,K,542,550,NFNGLTGT,NFNGKTGT
504,547,K,543,551,FNGLTGTG,FNGKTGTG
505,547,K,544,552,NGLTGTGV,NGKTGTGV
506,547,K,545,553,GLTGTGVL,GKTGTGVL
507,547,K,546,554,LTGTGVLT,KTGTGVLT
508,547,K,547,555,TGTGVLTE,TGTGVLTK
509,570,D,562,570,FQQFGRDI,FQQFGRDD
510,570,D,563,571,QQFGRDIA,QQFGRDDA
511,570,D,564,572,QFGRDIAD,QFGRDDAD
512,570,D,565,573,FGRDIADT,FGRDDADT
513,570,D,566,574,GRDIADTT,GRDDADTT
514,570,D,567,575,RDIADTTD,RDDADTTD
515,570,D,568,576,DIADTTDA,DDADTTDA
516,570,D,569,577,IADTTDAV,DADTTDAV
517,570,D,570,578,ADTTDAVR,ADTTDAVD
518,614,G,606,614,NQVAVLYQ,NQVAVLYG
519,614,G,607,615,QVAVLYQD,QVAVLYGD
520,614,G,608,616,VAVLYQDV,VAVLYGDV
521,614,G,609,617,AVLYQDVN,AVLYGDVN
522,614,G,610,618,VLYQDVNC,VLYGDVNC
523,614,G,611,619,LYQDVNCT,LYGDVNCT
524,614,G,612,620,YQDVNCTE,YGDVNCTE
525,614,G,613,621,QDVNCTEV,GDVNCTEV
526,614,G,614,622,DVNCTEVP,DVNCTEVG
527,655,Y,647,655,AGCLIGAE,AGCLIGAY
528,655,Y,648,656,GCLIGAEH,GCLIGAYH
529,655,Y,649,657,CLIGAEHV,CLIGAYHV
530,655,Y,650,658,LIGAEHVN,LIGAYHVN
531,655,Y,651,659,IGAEHVNN,IGAYHVNN
532,655,Y,652,660,GAEHVNNS,GAYHVNNS
533,655,Y,653,661,AEHVNNSY,AYHVNNSY
534,655,Y,654,662,EHVNNSYE,YHVNNSYE
535,655,Y,655,663,HVNNSYEC,HVNNSYEY
536,677,H,669,677,GICASYQT,GICASYQH
537,677,H,670,678,ICASYQTQ,ICASYQHQ
538,679,K,671,679,CASYQTQT,CASYQTQK
539,677,H,671,679,CASYQTQT,CASYQHQT
540,679,K,672,680,ASYQTQTN,ASYQTQKN
541,677,H,672,680,ASYQTQTN,ASYQHQTN
542,679,K,673,681,SYQTQTNS,SYQTQKNS
543,681,H,673,681,SYQTQTNS,SYQTQTNH
544,681,R,673,681,SYQTQTNS,SYQTQTNR
545,677,H,673,681,SYQTQTNS,SYQHQTNS
546,679,K,674,682,YQTQTNSP,YQTQKNSP
547,681,H,674,682,YQTQTNSP,YQTQTNHP
548,681,R,674,682,YQTQTNSP,YQTQTNRP
549,677,H,674,682,YQTQTNSP,YQHQTNSP
550,679,K,675,683,QTQTNSPR,QTQKNSPR
551,681,H,675,683,QTQTNSPR,QTQTNHPR
552,681,R,675,683,QTQTNSPR,QTQTNRPR
553,677,H,675,683,QTQTNSPR,QHQTNSPR
554,679,K,676,684,TQTNSPRR,TQKNSPRR
555,681,H,676,684,TQTNSPRR,TQTNHPRR
556,681,R,676,684,TQTNSPRR,TQTNRPRR
557,677,H,676,684,TQTNSPRR,HQTNSPRR
558,679,K,677,685,QTNSPRRA,QKNSPRRA
559,681,H,677,685,QTNSPRRA,QTNHPRRA
560,681,R,677,685,QTNSPRRA,QTNRPRRA
561,677,H,677,685,QTNSPRRA,QTNSPRRH
562,679,K,678,686,TNSPRRAR,KNSPRRAR
563,681,H,678,686,TNSPRRAR,TNHPRRAR
564,681,R,678,686,TNSPRRAR,TNRPRRAR
565,679,K,679,687,NSPRRARS,NSPRRARK
566,681,H,679,687,NSPRRARS,NHPRRARS
567,681,R,679,687,NSPRRARS,NRPRRARS
568,681,H,680,688,SPRRARSV,HPRRARSV
569,681,R,680,688,SPRRARSV,RPRRARSV
570,681,H,681,689,PRRARSVA,PRRARSVH
571,681,R,681,689,PRRARSVA,PRRARSVR
572,701,V,693,701,IAYTMSLG,IAYTMSLV
573,701,V,693,701,IAYTMSLG,IAYTMSLV
574,701,V,694,702,AYTMSLGA,AYTMSLVA
575,701,V,694,702,AYTMSLGA,AYTMSLVA
576,701,V,695,703,YTMSLGAE,YTMSLVAE
577,701,V,695,703,YTMSLGAE,YTMSLVAE
578,701,V,696,704,TMSLGAEN,TMSLVAEN
579,701,V,696,704,TMSLGAEN,TMSLVAEN
580,701,V,697,705,MSLGAENS,MSLVAENS
581,701,V,697,705,MSLGAENS,MSLVAENS
582,701,V,698,706,SLGAENSV,SLVAENSV
583,701,V,698,706,SLGAENSV,SLVAENSV
584,701,V,699,707,LGAENSVA,LVAENSVA
585,701,V,699,707,LGAENSVA,LVAENSVA
586,701,V,700,708,GAENSVAY,VAENSVAY
587,701,V,700,708,GAENSVAY,VAENSVAY
588,701,V,701,709,AENSVAYS,AENSVAYV
589,701,V,701,709,AENSVAYS,AENSVAYV
590,716,I,708,716,SNNSIAIP,SNNSIAII
591,716,I,709,717,NNSIAIPT,NNSIAIIT
592,716,I,710,718,NSIAIPTN,NSIAIITN
593,716,I,711,719,SIAIPTNF,SIAIITNF
594,716,I,712,720,IAIPTNFT,IAIITNFT
595,716,I,713,721,AIPTNFTI,AIITNFTI
596,716,I,714,722,IPTNFTIS,IITNFTIS
597,716,I,715,723,PTNFTISV,ITNFTISV
598,716,I,716,724,TNFTISVT,TNFTISVI
599,764,K,756,764,YGSFCTQL,YGSFCTQK
600,764,K,757,765,GSFCTQLN,GSFCTQKN
601,764,K,758,766,SFCTQLNR,SFCTQKNR
602,764,K,759,767,FCTQLNRA,FCTQKNRA
603,764,K,760,768,CTQLNRAL,CTQKNRAL
604,764,K,761,769,TQLNRALT,TQKNRALT
605,764,K,762,770,QLNRALTG,QKNRALTG
606,764,K,763,771,LNRALTGI,KNRALTGI
607,764,K,764,772,NRALTGIA,NRALTGIK
608,796,Y,788,796,IYKTPPIK,IYKTPPIY
609,796,Y,789,797,YKTPPIKD,YKTPPIYD
610,796,Y,790,798,KTPPIKDF,KTPPIYDF
611,796,Y,791,799,TPPIKDFG,TPPIYDFG
612,796,Y,792,800,PPIKDFGG,PPIYDFGG
613,796,Y,793,801,PIKDFGGF,PIYDFGGF
614,796,Y,794,802,IKDFGGFN,IYDFGGFN
615,796,Y,795,803,KDFGGFNF,YDFGGFNF
616,796,Y,796,804,DFGGFNFS,DFGGFNFY
617,856,K,848,856,DLICAQKF,DLICAQKK
618,856,K,849,857,LICAQKFN,LICAQKKN
619,856,K,850,858,ICAQKFNG,ICAQKKNG
620,856,K,851,859,CAQKFNGL,CAQKKNGL
621,859,N,851,859,CAQKFNGL,CAQKFNGN
622,856,K,852,860,AQKFNGLT,AQKKNGLT
623,859,N,852,860,AQKFNGLT,AQKFNGNT
624,856,K,853,861,QKFNGLTV,QKKNGLTV
625,859,N,853,861,QKFNGLTV,QKFNGNTV
626,856,K,854,862,KFNGLTVL,KKNGLTVL
627,859,N,854,862,KFNGLTVL,KFNGNTVL
628,856,K,855,863,FNGLTVLP,KNGLTVLP
629,859,N,855,863,FNGLTVLP,FNGNTVLP
630,856,K,856,864,NGLTVLPP,NGLTVLPK
631,859,N,856,864,NGLTVLPP,NGNTVLPP
632,859,N,857,865,GLTVLPPL,GNTVLPPL
633,859,N,858,866,LTVLPPLL,NTVLPPLL
634,859,N,859,867,TVLPPLLT,TVLPPLLN
635,888,L,880,888,GTITSGWT,GTITSGWL
636,888,L,881,889,TITSGWTF,TITSGWLF
637,888,L,882,890,ITSGWTFG,ITSGWLFG
638,888,L,883,891,TSGWTFGA,TSGWLFGA
639,888,L,884,892,SGWTFGAG,SGWLFGAG
640,888,L,885,893,GWTFGAGA,GWLFGAGA
641,888,L,886,894,WTFGAGAA,WLFGAGAA
642,888,L,887,895,TFGAGAAL,LFGAGAAL
643,888,L,888,896,FGAGAALQ,FGAGAALL
644,950,N,942,950,ASALGKLQ,ASALGKLN
645,950,N,943,951,SALGKLQD,SALGKLND
646,950,N,944,952,ALGKLQDV,ALGKLNDV
647,950,N,945,953,LGKLQDVV,LGKLNDVV
648,950,N,946,954,GKLQDVVN,GKLNDVVN
649,954,H,946,954,GKLQDVVN,GKLQDVVH
650,950,N,947,955,KLQDVVNQ,KLNDVVNQ
651,954,H,947,955,KLQDVVNQ,KLQDVVHQ
652,950,N,948,956,LQDVVNQN,LNDVVNQN
653,954,H,948,956,LQDVVNQN,LQDVVHQN
654,950,N,949,957,QDVVNQNA,NDVVNQNA
655,954,H,949,957,QDVVNQNA,QDVVHQNA
656,950,N,950,958,DVVNQNAQ,DVVNQNAN
657,954,H,950,958,DVVNQNAQ,DVVHQNAQ
658,954,H,951,959,VVNQNAQA,VVHQNAQA
659,954,H,952,960,VNQNAQAL,VHQNAQAL
660,954,H,953,961,NQNAQALN,HQNAQALN
661,954,H,954,962,QNAQALNT,QNAQALNH
662,969,K,961,969,TLVKQLSS,TLVKQLSK
663,969,K,962,970,LVKQLSSN,LVKQLSKN
664,969,K,963,971,VKQLSSNF,VKQLSKNF
665,969,K,964,972,KQLSSNFG,KQLSKNFG
666,969,K,965,973,QLSSNFGA,QLSKNFGA
667,969,K,966,974,LSSNFGAI,LSKNFGAI
668,969,K,967,975,SSNFGAIS,SKNFGAIS
669,969,K,968,976,SNFGAISS,KNFGAISS
670,969,K,969,977,NFGAISSV,NFGAISSK
671,981,F,973,981,ISSVLNDI,ISSVLNDF
672,981,F,974,982,SSVLNDIL,SSVLNDFL
673,982,A,974,982,SSVLNDIL,SSVLNDIA
674,981,F,975,983,SVLNDILS,SVLNDFLS
675,982,A,975,983,SVLNDILS,SVLNDIAS
676,981,F,976,984,VLNDILSR,VLNDFLSR
677,982,A,976,984,VLNDILSR,VLNDIASR
678,981,F,977,985,LNDILSRL,LNDFLSRL
679,982,A,977,985,LNDILSRL,LNDIASRL
680,981,F,978,986,NDILSRLD,NDFLSRLD
681,982,A,978,986,NDILSRLD,NDIASRLD
682,981,F,979,987,DILSRLDK,DFLSRLDK
683,982,A,979,987,DILSRLDK,DIASRLDK
684,981,F,980,988,ILSRLDKV,FLSRLDKV
685,982,A,980,988,ILSRLDKV,IASRLDKV
686,981,F,981,989,LSRLDKVE,LSRLDKVF
687,982,A,981,989,LSRLDKVE,ASRLDKVE
688,982,A,982,990,SRLDKVEA,SRLDKVEA
689,1027,I,1019,1027,RASANLAA,RASANLAI
690,1027,I,1020,1028,ASANLAAT,ASANLAIT
691,1027,I,1021,1029,SANLAATK,SANLAITK
692,1027,I,1022,1030,ANLAATKM,ANLAITKM
693,1027,I,1023,1031,NLAATKMS,NLAITKMS
694,1027,I,1024,1032,LAATKMSE,LAITKMSE
695,1027,I,1025,1033,AATKMSEC,AITKMSEC
696,1027,I,1026,1034,ATKMSECV,ITKMSECV
697,1027,I,1027,1035,TKMSECVL,TKMSECVI
698,1071,H,1063,1071,LHVTYVPA,LHVTYVPH
699,1071,H,1064,1072,HVTYVPAQ,HVTYVPHQ
700,1071,H,1065,1073,VTYVPAQE,VTYVPHQE
701,1071,H,1066,1074,TYVPAQEK,TYVPHQEK
702,1071,H,1067,1075,YVPAQEKN,YVPHQEKN
703,1071,H,1068,1076,VPAQEKNF,VPHQEKNF
704,1071,H,1069,1077,PAQEKNFT,PHQEKNFT
705,1071,H,1070,1078,AQEKNFTT,HQEKNFTT
706,1071,H,1071,1079,QEKNFTTA,QEKNFTTH
707,1118,H,1110,1118,YEPQIITT,YEPQIITH
708,1118,H,1111,1119,EPQIITTD,EPQIITHD
709,1118,H,1112,1120,PQIITTDN,PQIITHDN
710,1118,H,1113,1121,QIITTDNT,QIITHDNT
711,1118,H,1114,1122,IITTDNTF,IITHDNTF
712,1118,H,1115,1123,ITTDNTFV,ITHDNTFV
713,1118,H,1116,1124,TTDNTFVS,THDNTFVS
714,1118,H,1117,1125,TDNTFVSG,HDNTFVSG
715,1118,H,1118,1126,DNTFVSGN,DNTFVSGH
716,1176,F,1168,1176,DISGINAS,DISGINAF
717,1176,F,1169,1177,ISGINASV,ISGINAFV
718,1176,F,1170,1178,SGINASVV,SGINAFVV
719,1176,F,1171,1179,GINASVVN,GINAFVVN
720,1176,F,1172,1180,INASVVNI,INAFVVNI
721,1176,F,1173,1181,NASVVNIQ,NAFVVNIQ
722,1176,F,1174,1182,ASVVNIQK,AFVVNIQK
723,1176,F,1175,1183,SVVNIQKE,FVVNIQKE
724,1176,F,1176,1184,VVNIQKEI,VVNIQKEF
725,5,F,1,10,MFVFLVLLP,MFVFLVLLP
726,9,L,1,10,MFVFLVLLP,MFVFLVLLP
727,5,F,2,11,FVFLVLLPL,FVFLVLLPL
728,9,L,2,11,FVFLVLLPL,FVFLVLLPL
729,5,F,3,12,VFLVLLPLV,VFLVLLPLV
730,9,L,3,12,VFLVLLPLV,VFLVLLPLV
731,5,F,4,13,FLVLLPLVS,FLVLLPLVS
732,9,L,4,13,FLVLLPLVS,FLVLLPLVS
733,5,F,5,14,LVLLPLVSS,LVLLPLVSF
734,9,L,5,14,LVLLPLVSS,LVLLPLVSS
735,9,L,6,15,VLLPLVSSQ,VLLPLVSSQ
736,9,L,7,16,LLPLVSSQC,LLPLVSSQC
737,9,L,8,17,LPLVSSQCV,LPLVSSQCV
738,18,F,9,18,PLVSSQCVN,PLVSSQCVF
739,9,L,9,18,PLVSSQCVN,PLVSSQCVL
740,18,F,10,19,LVSSQCVNL,LVSSQCVFL
741,19,I,10,19,LVSSQCVNL,LVSSQCVNI
742,19,R,10,19,LVSSQCVNL,LVSSQCVNR
743,18,F,11,20,VSSQCVNLT,VSSQCVFLT
744,19,I,11,20,VSSQCVNLT,VSSQCVNIT
745,19,R,11,20,VSSQCVNLT,VSSQCVNRT
746,20,N,11,20,VSSQCVNLT,VSSQCVNLN
747,18,F,12,21,SSQCVNLTT,SSQCVFLTT
748,19,I,12,21,SSQCVNLTT,SSQCVNITT
749,19,R,12,21,SSQCVNLTT,SSQCVNRTT
750,20,N,12,21,SSQCVNLTT,SSQCVNLNT
751,18,F,13,22,SQCVNLTTR,SQCVFLTTR
752,19,I,13,22,SQCVNLTTR,SQCVNITTR
753,19,R,13,22,SQCVNLTTR,SQCVNRTTR
754,20,N,13,22,SQCVNLTTR,SQCVNLNTR
755,18,F,14,23,QCVNLTTRT,QCVFLTTRT
756,19,I,14,23,QCVNLTTRT,QCVNITTRT
757,19,R,14,23,QCVNLTTRT,QCVNRTTRT
758,20,N,14,23,QCVNLTTRT,QCVNLNTRT
759,18,F,15,24,CVNLTTRTQ,CVFLTTRTQ
760,19,I,15,24,CVNLTTRTQ,CVNITTRTQ
761,19,R,15,24,CVNLTTRTQ,CVNRTTRTQ
762,20,N,15,24,CVNLTTRTQ,CVNLNTRTQ
763,18,F,16,25,VNLTTRTQL,VFLTTRTQL
764,19,I,16,25,VNLTTRTQL,VNITTRTQL
765,19,R,16,25,VNLTTRTQL,VNRTTRTQL
766,20,N,16,25,VNLTTRTQL,VNLNTRTQL
767,18,F,17,26,NLTTRTQLP,FLTTRTQLP
768,26,S,17,26,NLTTRTQLP,NLTTRTQLS
769,19,I,17,26,NLTTRTQLP,NITTRTQLP
770,19,R,17,26,NLTTRTQLP,NRTTRTQLP
771,20,N,17,26,NLTTRTQLP,NLNTRTQLP
772,27,S,18,27,LTTRTQLPP,LTTRTQLPS
773,18,F,18,27,LTTRTQLPP,LTTRTQLPF
774,26,S,18,27,LTTRTQLPP,LTTRTQLSP
775,19,I,18,27,LTTRTQLPP,ITTRTQLPP
776,19,R,18,27,LTTRTQLPP,RTTRTQLPP
777,20,N,18,27,LTTRTQLPP,LNTRTQLPP
778,27,S,19,28,TTRTQLPPA,TTRTQLPSA
779,26,S,19,28,TTRTQLPPA,TTRTQLSPA
780,19,I,19,28,TTRTQLPPA,TTRTQLPPI
781,19,R,19,28,TTRTQLPPA,TTRTQLPPR
782,20,N,19,28,TTRTQLPPA,NTRTQLPPA
783,27,S,20,29,TRTQLPPAY,TRTQLPSAY
784,26,S,20,29,TRTQLPPAY,TRTQLSPAY
785,20,N,20,29,TRTQLPPAY,TRTQLPPAN
786,27,S,21,30,RTQLPPAYT,RTQLPSAYT
787,26,S,21,30,RTQLPPAYT,RTQLSPAYT
788,27,S,22,31,TQLPPAYTN,TQLPSAYTN
789,26,S,22,31,TQLPPAYTN,TQLSPAYTN
790,27,S,23,32,QLPPAYTNS,QLPSAYTNS
791,26,S,23,32,QLPPAYTNS,QLSPAYTNS
792,27,S,24,33,LPPAYTNSF,LPSAYTNSF
793,26,S,24,33,LPPAYTNSF,LSPAYTNSF
794,27,S,25,34,PPAYTNSFT,PSAYTNSFT
795,26,S,25,34,PPAYTNSFT,SPAYTNSFT
796,27,S,26,35,PAYTNSFTR,SAYTNSFTR
797,26,S,26,35,PAYTNSFTR,PAYTNSFTS
798,27,S,27,36,AYTNSFTRG,AYTNSFTRS
799,52,R,43,52,FRSSVLHST,FRSSVLHSR
800,52,R,44,53,RSSVLHSTQ,RSSVLHSRQ
801,52,R,45,54,SSVLHSTQD,SSVLHSRQD
802,52,R,46,55,SVLHSTQDL,SVLHSRQDL
803,52,R,47,56,VLHSTQDLF,VLHSRQDLF
804,52,R,48,57,LHSTQDLFL,LHSRQDLFL
805,52,R,49,58,HSTQDLFLP,HSRQDLFLP
806,52,R,50,59,STQDLFLPF,SRQDLFLPF
807,52,R,51,60,TQDLFLPFF,RQDLFLPFF
808,52,R,52,61,QDLFLPFFS,QDLFLPFFR
809,67,V,58,67,FFSNVTWFH,FFSNVTWFV
810,67,V,59,68,FSNVTWFHA,FSNVTWFVA
811,67,V,60,69,SNVTWFHAI,SNVTWFVAI
812,67,V,61,70,NVTWFHAIH,NVTWFVAIH
813,67,V,62,71,VTWFHAIHV,VTWFVAIHV
814,67,V,63,72,TWFHAIHVS,TWFVAIHVS
815,67,V,64,73,WFHAIHVSG,WFVAIHVSG
816,67,V,65,74,FHAIHVSGT,FVAIHVSGT
817,67,V,66,75,HAIHVSGTN,VAIHVSGTN
818,75,V,66,75,HAIHVSGTN,HAIHVSGTV
819,67,V,67,76,AIHVSGTNG,AIHVSGTNV
820,75,V,67,76,AIHVSGTNG,AIHVSGTVG
821,76,I,67,76,AIHVSGTNG,AIHVSGTNI
822,75,V,68,77,IHVSGTNGT,IHVSGTVGT
823,76,I,68,77,IHVSGTNGT,IHVSGTNIT
824,75,V,69,78,HVSGTNGTK,HVSGTVGTK
825,76,I,69,78,HVSGTNGTK,HVSGTNITK
826,75,V,70,79,VSGTNGTKR,VSGTVGTKR
827,76,I,70,79,VSGTNGTKR,VSGTNITKR
828,80,A,71,80,SGTNGTKRF,SGTNGTKRA
829,75,V,71,80,SGTNGTKRF,SGTVGTKRF
830,76,I,71,80,SGTNGTKRF,SGTNITKRF
831,80,A,72,81,GTNGTKRFD,GTNGTKRAD
832,75,V,72,81,GTNGTKRFD,GTVGTKRFD
833,76,I,72,81,GTNGTKRFD,GTNITKRFD
834,80,A,73,82,TNGTKRFDN,TNGTKRADN
835,75,V,73,82,TNGTKRFDN,TVGTKRFDN
836,76,I,73,82,TNGTKRFDN,TNITKRFDN
837,80,A,74,83,NGTKRFDNP,NGTKRADNP
838,75,V,74,83,NGTKRFDNP,VGTKRFDNP
839,76,I,74,83,NGTKRFDNP,NITKRFDNP
840,80,A,75,84,GTKRFDNPV,GTKRADNPV
841,75,V,75,84,GTKRFDNPV,GTKRFDNPV
842,76,I,75,84,GTKRFDNPV,ITKRFDNPV
843,80,A,76,85,TKRFDNPVL,TKRADNPVL
844,76,I,76,85,TKRFDNPVL,TKRFDNPVI
845,80,A,77,86,KRFDNPVLP,KRADNPVLP
846,80,A,78,87,RFDNPVLPF,RADNPVLPF
847,80,A,79,88,FDNPVLPFN,ADNPVLPFN
848,80,A,80,89,DNPVLPFND,DNPVLPFNA
849,95,I,86,95,FNDGVYFAS,FNDGVYFAI
850,95,I,87,96,NDGVYFAST,NDGVYFAIT
851,95,I,88,97,DGVYFASTE,DGVYFAITE
852,95,I,89,98,GVYFASTEK,GVYFAITEK
853,95,I,90,99,VYFASTEKS,VYFAITEKS
854,95,I,91,100,YFASTEKSN,YFAITEKSN
855,95,I,92,101,FASTEKSNI,FAITEKSNI
856,95,I,93,102,ASTEKSNII,AITEKSNII
857,95,I,94,103,STEKSNIIR,ITEKSNIIR
858,95,I,95,104,TEKSNIIRG,TEKSNIIRI
859,136,F,127,136,VIKVCEFQF,VIKVCEFQF
860,136,F,128,137,IKVCEFQFC,IKVCEFQFC
861,136,F,129,138,KVCEFQFCN,KVCEFQFCN
862,138,Y,129,138,KVCEFQFCN,KVCEFQFCY
863,136,F,130,139,VCEFQFCND,VCEFQFCND
864,138,Y,130,139,VCEFQFCND,VCEFQFCYD
865,136,F,131,140,CEFQFCNDP,CEFQFCNDP
866,138,Y,131,140,CEFQFCNDP,CEFQFCYDP
867,136,F,132,141,EFQFCNDPF,EFQFCNDPF
868,138,Y,132,141,EFQFCNDPF,EFQFCYDPF
869,136,F,133,142,FQFCNDPFL,FQFCNDPFL
870,138,Y,133,142,FQFCNDPFL,FQFCYDPFL
871,142,D,133,142,FQFCNDPFL,FQFCNDPFD
872,136,F,134,143,QFCNDPFLG,QFCNDPFLG
873,138,Y,134,143,QFCNDPFLG,QFCYDPFLG
874,142,D,134,143,QFCNDPFLG,QFCNDPFDG
875,136,F,135,144,FCNDPFLGV,FCNDPFLGV
876,138,Y,135,144,FCNDPFLGV,FCYDPFLGV
877,142,D,135,144,FCNDPFLGV,FCNDPFDGV
878,144,S,135,144,FCNDPFLGV,FCNDPFLGS
879,136,F,136,145,CNDPFLGVY,CNDPFLGVF
880,138,Y,136,145,CNDPFLGVY,CYDPFLGVY
881,142,D,136,145,CNDPFLGVY,CNDPFDGVY
882,144,S,136,145,CNDPFLGVY,CNDPFLGSY
883,145,D,136,145,CNDPFLGVY,CNDPFLGVD
884,145,H,136,145,CNDPFLGVY,CNDPFLGVH
885,145,N,136,145,CNDPFLGVY,CNDPFLGVN
886,138,Y,137,146,NDPFLGVYY,YDPFLGVYY
887,142,D,137,146,NDPFLGVYY,NDPFDGVYY
888,144,S,137,146,NDPFLGVYY,NDPFLGSYY
889,145,D,137,146,NDPFLGVYY,NDPFLGVDY
890,145,H,137,146,NDPFLGVYY,NDPFLGVHY
891,145,N,137,146,NDPFLGVYY,NDPFLGVNY
892,138,Y,138,147,DPFLGVYYH,DPFLGVYYY
893,142,D,138,147,DPFLGVYYH,DPFDGVYYH
894,144,S,138,147,DPFLGVYYH,DPFLGSYYH
895,145,D,138,147,DPFLGVYYH,DPFLGVDYH
896,145,H,138,147,DPFLGVYYH,DPFLGVHYH
897,145,N,138,147,DPFLGVYYH,DPFLGVNYH
898,142,D,139,148,PFLGVYYHK,PFDGVYYHK
899,144,S,139,148,PFLGVYYHK,PFLGSYYHK
900,145,D,139,148,PFLGVYYHK,PFLGVDYHK
901,145,H,139,148,PFLGVYYHK,PFLGVHYHK
902,145,N,139,148,PFLGVYYHK,PFLGVNYHK
903,142,D,140,149,FLGVYYHKN,FDGVYYHKN
904,144,S,140,149,FLGVYYHKN,FLGSYYHKN
905,145,D,140,149,FLGVYYHKN,FLGVDYHKN
906,145,H,140,149,FLGVYYHKN,FLGVHYHKN
907,145,N,140,149,FLGVYYHKN,FLGVNYHKN
908,142,D,141,150,LGVYYHKNN,DGVYYHKNN
909,144,S,141,150,LGVYYHKNN,LGSYYHKNN
910,145,D,141,150,LGVYYHKNN,LGVDYHKNN
911,145,H,141,150,LGVYYHKNN,LGVHYHKNN
912,145,N,141,150,LGVYYHKNN,LGVNYHKNN
913,142,D,142,151,GVYYHKNNK,GVYYHKNND
914,144,S,142,151,GVYYHKNNK,GSYYHKNNK
915,145,D,142,151,GVYYHKNNK,GVDYHKNNK
916,145,H,142,151,GVYYHKNNK,GVHYHKNNK
917,145,N,142,151,GVYYHKNNK,GVNYHKNNK
918,144,S,143,152,VYYHKNNKS,SYYHKNNKS
919,145,D,143,152,VYYHKNNKS,VDYHKNNKS
920,145,H,143,152,VYYHKNNKS,VHYHKNNKS
921,145,N,143,152,VYYHKNNKS,VNYHKNNKS
922,144,S,144,153,YYHKNNKSW,YYHKNNKSS
923,145,D,144,153,YYHKNNKSW,DYHKNNKSW
924,145,H,144,153,YYHKNNKSW,HYHKNNKSW
925,145,N,144,153,YYHKNNKSW,NYHKNNKSW
926,154,K,145,154,YHKNNKSWM,YHKNNKSWK
927,145,D,145,154,YHKNNKSWM,YHKNNKSWD
928,145,H,145,154,YHKNNKSWM,YHKNNKSWH
929,145,N,145,154,YHKNNKSWM,YHKNNKSWN
930,154,K,146,155,HKNNKSWME,HKNNKSWKE
931,154,K,147,156,KNNKSWMES,KNNKSWKES
932,154,K,148,157,NNKSWMESE,NNKSWKESE
933,154,K,149,158,NKSWMESEF,NKSWKESEF
934,158,G,149,158,NKSWMESEF,NKSWMESEG
935,154,K,150,159,KSWMESEFR,KSWKESEFR
936,158,G,150,159,KSWMESEFR,KSWMESEGR
937,154,K,151,160,SWMESEFRV,SWKESEFRV
938,158,G,151,160,SWMESEFRV,SWMESEGRV
939,154,K,152,161,WMESEFRVY,WKESEFRVY
940,158,G,152,161,WMESEFRVY,WMESEGRVY
941,154,K,153,162,MESEFRVYS,KESEFRVYS
942,158,G,153,162,MESEFRVYS,MESEGRVYS
943,154,K,154,163,ESEFRVYSS,ESEFRVYSK
944,158,G,154,163,ESEFRVYSS,ESEGRVYSS
945,158,G,155,164,SEFRVYSSA,SEGRVYSSA
946,158,G,156,165,EFRVYSSAN,EGRVYSSAN
947,158,G,157,166,FRVYSSANN,GRVYSSANN
948,158,G,158,167,RVYSSANNC,RVYSSANNG
949,190,S,181,190,GKQGNFKNL,GKQGNFKNS
950,190,S,182,191,KQGNFKNLR,KQGNFKNSR
951,190,S,183,192,QGNFKNLRE,QGNFKNSRE
952,190,S,184,193,GNFKNLREF,GNFKNSREF
953,190,S,185,194,NFKNLREFV,NFKNSREFV
954,190,S,186,195,FKNLREFVF,FKNSREFVF
955,190,S,187,196,KNLREFVFK,KNSREFVFK
956,190,S,188,197,NLREFVFKN,NSREFVFKN
957,190,S,189,198,LREFVFKNI,SREFVFKNI
958,190,S,190,199,REFVFKNID,REFVFKNIS
959,212,I,203,212,IYSKHTPIN,IYSKHTPII
960,212,I,204,213,YSKHTPINL,YSKHTPIIL
961,213,G,204,213,YSKHTPINL,YSKHTPING
962,212,I,205,214,SKHTPINLV,SKHTPIILV
963,213,G,205,214,SKHTPINLV,SKHTPINGV
964,215,G,206,215,KHTPINLVR,KHTPINLVG
965,212,I,206,215,KHTPINLVR,KHTPIILVR
966,213,G,206,215,KHTPINLVR,KHTPINGVR
967,215,G,207,216,HTPINLVRD,HTPINLVGD
968,212,I,207,216,HTPINLVRD,HTPIILVRD
969,213,G,207,216,HTPINLVRD,HTPINGVRD
970,215,G,208,217,TPINLVRDL,TPINLVGDL
971,212,I,208,217,TPINLVRDL,TPIILVRDL
972,213,G,208,217,TPINLVRDL,TPINGVRDL
973,215,G,209,218,PINLVRDLP,PINLVGDLP
974,212,I,209,218,PINLVRDLP,PIILVRDLP
975,213,G,209,218,PINLVRDLP,PINGVRDLP
976,215,G,210,219,INLVRDLPQ,INLVGDLPQ
977,212,I,210,219,INLVRDLPQ,IILVRDLPQ
978,213,G,210,219,INLVRDLPQ,INGVRDLPQ
979,215,G,211,220,NLVRDLPQG,NLVGDLPQG
980,212,I,211,220,NLVRDLPQG,ILVRDLPQG
981,213,G,211,220,NLVRDLPQG,NGVRDLPQG
982,215,G,212,221,LVRDLPQGF,LVGDLPQGF
983,212,I,212,221,LVRDLPQGF,LVRDLPQGI
984,213,G,212,221,LVRDLPQGF,GVRDLPQGF
985,222,V,213,222,VRDLPQGFS,VRDLPQGFV
986,215,G,213,222,VRDLPQGFS,VGDLPQGFS
987,213,G,213,222,VRDLPQGFS,VRDLPQGFG
988,222,V,214,223,RDLPQGFSA,RDLPQGFVA
989,215,G,214,223,RDLPQGFSA,GDLPQGFSA
990,222,V,215,224,DLPQGFSAL,DLPQGFVAL
991,215,G,215,224,DLPQGFSAL,DLPQGFSAG
992,222,V,216,225,LPQGFSALE,LPQGFVALE
993,222,V,217,226,PQGFSALEP,PQGFVALEP
994,222,V,218,227,QGFSALEPL,QGFVALEPL
995,222,V,219,228,GFSALEPLV,GFVALEPLV
996,222,V,220,229,FSALEPLVD,FVALEPLVD
997,222,V,221,230,SALEPLVDL,VALEPLVDL
998,222,V,222,231,ALEPLVDLP,ALEPLVDLV
999,253,N,244,253,LHRSYLTPG,LHRSYLTPN
1000,253,N,245,254,HRSYLTPGD,HRSYLTPND
1001,253,N,246,255,RSYLTPGDS,RSYLTPNDS
1002,253,N,247,256,SYLTPGDSS,SYLTPNDSS
1003,253,N,248,257,YLTPGDSSS,YLTPNDSSS
1004,253,N,249,258,LTPGDSSSG,LTPNDSSSG
1005,253,N,250,259,TPGDSSSGW,TPNDSSSGW
1006,253,N,251,260,PGDSSSGWT,PNDSSSGWT
1007,253,N,252,261,GDSSSGWTA,NDSSSGWTA
1008,253,N,253,262,DSSSGWTAG,DSSSGWTAN
1009,339,D,330,339,PNITNLCPF,PNITNLCPD
1010,339,D,331,340,NITNLCPFG,NITNLCPDG
1011,339,D,332,341,ITNLCPFGE,ITNLCPDGE
1012,339,D,333,342,TNLCPFGEV,TNLCPDGEV
1013,339,D,334,343,NLCPFGEVF,NLCPDGEVF
1014,339,D,335,344,LCPFGEVFN,LCPDGEVFN
1015,339,D,336,345,CPFGEVFNA,CPDGEVFNA
1016,339,D,337,346,PFGEVFNAT,PDGEVFNAT
1017,346,K,337,346,PFGEVFNAT,PFGEVFNAK
1018,339,D,338,347,FGEVFNATR,DGEVFNATR
1019,346,K,338,347,FGEVFNATR,FGEVFNAKR
1020,339,D,339,348,GEVFNATRF,GEVFNATRD
1021,346,K,339,348,GEVFNATRF,GEVFNAKRF
1022,346,K,340,349,EVFNATRFA,EVFNAKRFA
1023,346,K,341,350,VFNATRFAS,VFNAKRFAS
1024,346,K,342,351,FNATRFASV,FNAKRFASV
1025,346,K,343,352,NATRFASVY,NAKRFASVY
1026,346,K,344,353,ATRFASVYA,AKRFASVYA
1027,346,K,345,354,TRFASVYAW,KRFASVYAW
1028,346,K,346,355,RFASVYAWN,RFASVYAWK
1029,371,F,362,371,VADYSVLYN,VADYSVLYF
1030,371,L,362,371,VADYSVLYN,VADYSVLYL
1031,371,F,363,372,ADYSVLYNS,ADYSVLYFS
1032,371,L,363,372,ADYSVLYNS,ADYSVLYLS
1033,371,F,364,373,DYSVLYNSA,DYSVLYFSA
1034,371,L,364,373,DYSVLYNSA,DYSVLYLSA
1035,373,P,364,373,DYSVLYNSA,DYSVLYNSP
1036,371,F,365,374,YSVLYNSAS,YSVLYFSAS
1037,371,L,365,374,YSVLYNSAS,YSVLYLSAS
1038,373,P,365,374,YSVLYNSAS,YSVLYNSPS
1039,371,F,366,375,SVLYNSASF,SVLYFSASF
1040,371,L,366,375,SVLYNSASF,SVLYLSASF
1041,373,P,366,375,SVLYNSASF,SVLYNSPSF
1042,375,F,366,375,SVLYNSASF,SVLYNSASF
1043,371,F,367,376,VLYNSASFS,VLYFSASFS
1044,371,L,367,376,VLYNSASFS,VLYLSASFS
1045,373,P,367,376,VLYNSASFS,VLYNSPSFS
1046,375,F,367,376,VLYNSASFS,VLYNSASFS
1047,376,A,367,376,VLYNSASFS,VLYNSASFA
1048,371,F,368,377,LYNSASFST,LYFSASFST
1049,371,L,368,377,LYNSASFST,LYLSASFST
1050,373,P,368,377,LYNSASFST,LYNSPSFST
1051,375,F,368,377,LYNSASFST,LYNSASFST
1052,376,A,368,377,LYNSASFST,LYNSASFAT
1053,371,F,369,378,YNSASFSTF,YFSASFSTF
1054,371,L,369,378,YNSASFSTF,YLSASFSTF
1055,373,P,369,378,YNSASFSTF,YNSPSFSTF
1056,375,F,369,378,YNSASFSTF,YNSASFSTF
1057,376,A,369,378,YNSASFSTF,YNSASFATF
1058,371,F,370,379,NSASFSTFK,FSASFSTFK
1059,371,L,370,379,NSASFSTFK,LSASFSTFK
1060,373,P,370,379,NSASFSTFK,NSPSFSTFK
1061,375,F,370,379,NSASFSTFK,NSASFSTFK
1062,376,A,370,379,NSASFSTFK,NSASFATFK
1063,371,F,371,380,SASFSTFKC,SASFSTFKF
1064,371,L,371,380,SASFSTFKC,SASFSTFKL
1065,373,P,371,380,SASFSTFKC,SPSFSTFKC
1066,375,F,371,380,SASFSTFKC,SASFSTFKC
1067,376,A,371,380,SASFSTFKC,SASFATFKC
1068,373,P,372,381,ASFSTFKCY,PSFSTFKCY
1069,375,F,372,381,ASFSTFKCY,ASFSTFKCY
1070,376,A,372,381,ASFSTFKCY,ASFATFKCY
1071,373,P,373,382,SFSTFKCYG,SFSTFKCYP
1072,375,F,373,382,SFSTFKCYG,SFSTFKCYG
1073,376,A,373,382,SFSTFKCYG,SFATFKCYG
1074,375,F,374,383,FSTFKCYGV,FSTFKCYGV
1075,376,A,374,383,FSTFKCYGV,FATFKCYGV
1076,375,F,375,384,STFKCYGVS,STFKCYGVF
1077,376,A,375,384,STFKCYGVS,ATFKCYGVS
1078,376,A,376,385,TFKCYGVSP,TFKCYGVSA
1079,405,N,396,405,YADSFVIRG,YADSFVIRN
1080,405,N,397,406,ADSFVIRGD,ADSFVIRND
1081,405,N,398,407,DSFVIRGDE,DSFVIRNDE
1082,405,N,399,408,SFVIRGDEV,SFVIRNDEV
1083,408,S,399,408,SFVIRGDEV,SFVIRGDES
1084,405,N,400,409,FVIRGDEVR,FVIRNDEVR
1085,408,S,400,409,FVIRGDEVR,FVIRGDESR
1086,405,N,401,410,VIRGDEVRQ,VIRNDEVRQ
1087,408,S,401,410,VIRGDEVRQ,VIRGDESRQ
1088,405,N,402,411,IRGDEVRQI,IRNDEVRQI
1089,408,S,402,411,IRGDEVRQI,IRGDESRQI
1090,405,N,403,412,RGDEVRQIA,RNDEVRQIA
1091,408,S,403,412,RGDEVRQIA,RGDESRQIA
1092,405,N,404,413,GDEVRQIAP,NDEVRQIAP
1093,408,S,404,413,GDEVRQIAP,GDESRQIAP
1094,405,N,405,414,DEVRQIAPG,DEVRQIAPN
1095,408,S,405,414,DEVRQIAPG,DESRQIAPG
1096,408,S,406,415,EVRQIAPGQ,ESRQIAPGQ
1097,408,S,407,416,VRQIAPGQT,SRQIAPGQT
1098,417,N,408,417,RQIAPGQTG,RQIAPGQTN
1099,417,T,408,417,RQIAPGQTG,RQIAPGQTT
1100,408,S,408,417,RQIAPGQTG,RQIAPGQTS
1101,417,N,409,418,QIAPGQTGK,QIAPGQTNK
1102,417,T,409,418,QIAPGQTGK,QIAPGQTTK
1103,417,N,410,419,IAPGQTGKI,IAPGQTNKI
1104,417,T,410,419,IAPGQTGKI,IAPGQTTKI
1105,417,N,411,420,APGQTGKIA,APGQTNKIA
1106,417,T,411,420,APGQTGKIA,APGQTTKIA
1107,417,N,412,421,PGQTGKIAD,PGQTNKIAD
1108,417,T,412,421,PGQTGKIAD,PGQTTKIAD
1109,417,N,413,422,GQTGKIADY,GQTNKIADY
1110,417,T,413,422,GQTGKIADY,GQTTKIADY
1111,417,N,414,423,QTGKIADYN,QTNKIADYN
1112,417,T,414,423,QTGKIADYN,QTTKIADYN
1113,417,N,415,424,TGKIADYNY,TNKIADYNY
1114,417,T,415,424,TGKIADYNY,TTKIADYNY
1115,417,N,416,425,GKIADYNYK,NKIADYNYK
1116,417,T,416,425,GKIADYNYK,TKIADYNYK
1117,417,N,417,426,KIADYNYKL,KIADYNYKN
1118,417,T,417,426,KIADYNYKL,KIADYNYKT
1119,440,K,431,440,GCVIAWNSN,GCVIAWNSK
1120,440,K,432,441,CVIAWNSNN,CVIAWNSKN
1121,440,K,433,442,VIAWNSNNL,VIAWNSKNL
1122,440,K,434,443,IAWNSNNLD,IAWNSKNLD
1123,440,K,435,444,AWNSNNLDS,AWNSKNLDS
1124,440,K,436,445,WNSNNLDSK,WNSKNLDSK
1125,446,S,437,446,NSNNLDSKV,NSNNLDSKS
1126,440,K,437,446,NSNNLDSKV,NSKNLDSKV
1127,446,S,438,447,SNNLDSKVG,SNNLDSKSG
1128,440,K,438,447,SNNLDSKVG,SKNLDSKVG
1129,446,S,439,448,NNLDSKVGG,NNLDSKSGG
1130,440,K,439,448,NNLDSKVGG,KNLDSKVGG
1131,446,S,440,449,NLDSKVGGN,NLDSKSGGN
1132,440,K,440,449,NLDSKVGGN,NLDSKVGGK
1133,449,H,440,449,NLDSKVGGN,NLDSKVGGH
1134,446,S,441,450,LDSKVGGNY,LDSKSGGNY
1135,449,H,441,450,LDSKVGGNY,LDSKVGGHY
1136,446,S,442,451,DSKVGGNYN,DSKSGGNYN
1137,449,H,442,451,DSKVGGNYN,DSKVGGHYN
1138,446,S,443,452,SKVGGNYNY,SKSGGNYNY
1139,452,Q,443,452,SKVGGNYNY,SKVGGNYNQ
1140,452,R,443,452,SKVGGNYNY,SKVGGNYNR
1141,449,H,443,452,SKVGGNYNY,SKVGGHYNY
1142,446,S,444,453,KVGGNYNYL,KSGGNYNYL
1143,452,Q,444,453,KVGGNYNYL,KVGGNYNQL
1144,452,R,444,453,KVGGNYNYL,KVGGNYNRL
1145,449,H,444,453,KVGGNYNYL,KVGGHYNYL
1146,446,S,445,454,VGGNYNYLY,SGGNYNYLY
1147,452,Q,445,454,VGGNYNYLY,VGGNYNQLY
1148,452,R,445,454,VGGNYNYLY,VGGNYNRLY
1149,449,H,445,454,VGGNYNYLY,VGGHYNYLY
1150,446,S,446,455,GGNYNYLYR,GGNYNYLYS
1151,452,Q,446,455,GGNYNYLYR,GGNYNQLYR
1152,452,R,446,455,GGNYNYLYR,GGNYNRLYR
1153,449,H,446,455,GGNYNYLYR,GGHYNYLYR
1154,452,Q,447,456,GNYNYLYRL,GNYNQLYRL
1155,452,R,447,456,GNYNYLYRL,GNYNRLYRL
1156,449,H,447,456,GNYNYLYRL,GHYNYLYRL
1157,452,Q,448,457,NYNYLYRLF,NYNQLYRLF
1158,452,R,448,457,NYNYLYRLF,NYNRLYRLF
1159,449,H,448,457,NYNYLYRLF,HYNYLYRLF
1160,452,Q,449,458,YNYLYRLFR,YNQLYRLFR
1161,452,R,449,458,YNYLYRLFR,YNRLYRLFR
1162,449,H,449,458,YNYLYRLFR,YNYLYRLFH
1163,452,Q,450,459,NYLYRLFRK,NQLYRLFRK
1164,452,R,450,459,NYLYRLFRK,NRLYRLFRK
1165,452,Q,451,460,YLYRLFRKS,QLYRLFRKS
1166,452,R,451,460,YLYRLFRKS,RLYRLFRKS
1167,452,Q,452,461,LYRLFRKSN,LYRLFRKSQ
1168,452,R,452,461,LYRLFRKSN,LYRLFRKSR
1169,477,N,468,477,ISTEIYQAG,ISTEIYQAN
1170,477,N,469,478,STEIYQAGS,STEIYQANS
1171,478,K,469,478,STEIYQAGS,STEIYQAGK
1172,477,N,470,479,TEIYQAGST,TEIYQANST
1173,478,K,470,479,TEIYQAGST,TEIYQAGKT
1174,477,N,471,480,EIYQAGSTP,EIYQANSTP
1175,478,K,471,480,EIYQAGSTP,EIYQAGKTP
1176,477,N,472,481,IYQAGSTPC,IYQANSTPC
1177,478,K,472,481,IYQAGSTPC,IYQAGKTPC
1178,477,N,473,482,YQAGSTPCN,YQANSTPCN
1179,478,K,473,482,YQAGSTPCN,YQAGKTPCN
1180,477,N,474,483,QAGSTPCNG,QANSTPCNG
1181,478,K,474,483,QAGSTPCNG,QAGKTPCNG
1182,484,A,475,484,AGSTPCNGV,AGSTPCNGA
1183,484,K,475,484,AGSTPCNGV,AGSTPCNGK
1184,484,Q,475,484,AGSTPCNGV,AGSTPCNGQ
1185,477,N,475,484,AGSTPCNGV,ANSTPCNGV
1186,478,K,475,484,AGSTPCNGV,AGKTPCNGV
1187,484,A,476,485,GSTPCNGVE,GSTPCNGAE
1188,484,K,476,485,GSTPCNGVE,GSTPCNGKE
1189,484,Q,476,485,GSTPCNGVE,GSTPCNGQE
1190,477,N,476,485,GSTPCNGVE,NSTPCNGVE
1191,478,K,476,485,GSTPCNGVE,GKTPCNGVE
1192,484,A,477,486,STPCNGVEG,STPCNGAEG
1193,484,K,477,486,STPCNGVEG,STPCNGKEG
1194,484,Q,477,486,STPCNGVEG,STPCNGQEG
1195,477,N,477,486,STPCNGVEG,STPCNGVEN
1196,478,K,477,486,STPCNGVEG,KTPCNGVEG
1197,484,A,478,487,TPCNGVEGF,TPCNGAEGF
1198,484,K,478,487,TPCNGVEGF,TPCNGKEGF
1199,484,Q,478,487,TPCNGVEGF,TPCNGQEGF
1200,478,K,478,487,TPCNGVEGF,TPCNGVEGK
1201,484,A,479,488,PCNGVEGFN,PCNGAEGFN
1202,484,K,479,488,PCNGVEGFN,PCNGKEGFN
1203,484,Q,479,488,PCNGVEGFN,PCNGQEGFN
1204,484,A,480,489,CNGVEGFNC,CNGAEGFNC
1205,484,K,480,489,CNGVEGFNC,CNGKEGFNC
1206,484,Q,480,489,CNGVEGFNC,CNGQEGFNC
1207,484,A,481,490,NGVEGFNCY,NGAEGFNCY
1208,484,K,481,490,NGVEGFNCY,NGKEGFNCY
1209,484,Q,481,490,NGVEGFNCY,NGQEGFNCY
1210,490,S,481,490,NGVEGFNCY,NGVEGFNCS
1211,484,A,482,491,GVEGFNCYF,GAEGFNCYF
1212,484,K,482,491,GVEGFNCYF,GKEGFNCYF
1213,484,Q,482,491,GVEGFNCYF,GQEGFNCYF
1214,490,S,482,491,GVEGFNCYF,GVEGFNCSF
1215,484,A,483,492,VEGFNCYFP,AEGFNCYFP
1216,484,K,483,492,VEGFNCYFP,KEGFNCYFP
1217,484,Q,483,492,VEGFNCYFP,QEGFNCYFP
1218,490,S,483,492,VEGFNCYFP,VEGFNCSFP
1219,484,A,484,493,EGFNCYFPL,EGFNCYFPA
1220,484,K,484,493,EGFNCYFPL,EGFNCYFPK
1221,484,Q,484,493,EGFNCYFPL,EGFNCYFPQ
1222,490,S,484,493,EGFNCYFPL,EGFNCSFPL
1223,493,R,484,493,EGFNCYFPL,EGFNCYFPR
1224,490,S,485,494,GFNCYFPLQ,GFNCSFPLQ
1225,493,R,485,494,GFNCYFPLQ,GFNCYFPRQ
1226,490,S,486,495,FNCYFPLQS,FNCSFPLQS
1227,493,R,486,495,FNCYFPLQS,FNCYFPRQS
1228,490,S,487,496,NCYFPLQSY,NCSFPLQSY
1229,496,S,487,496,NCYFPLQSY,NCYFPLQSS
1230,493,R,487,496,NCYFPLQSY,NCYFPRQSY
1231,490,S,488,497,CYFPLQSYG,CSFPLQSYG
1232,496,S,488,497,CYFPLQSYG,CYFPLQSSG
1233,493,R,488,497,CYFPLQSYG,CYFPRQSYG
1234,490,S,489,498,YFPLQSYGF,SFPLQSYGF
1235,496,S,489,498,YFPLQSYGF,YFPLQSSGF
1236,493,R,489,498,YFPLQSYGF,YFPRQSYGF
1237,498,R,489,498,YFPLQSYGF,YFPLQSYGR
1238,490,S,490,499,FPLQSYGFQ,FPLQSYGFS
1239,496,S,490,499,FPLQSYGFQ,FPLQSSGFQ
1240,493,R,490,499,FPLQSYGFQ,FPRQSYGFQ
1241,498,R,490,499,FPLQSYGFQ,FPLQSYGRQ
1242,496,S,491,500,PLQSYGFQP,PLQSSGFQP
1243,493,R,491,500,PLQSYGFQP,PRQSYGFQP
1244,498,R,491,500,PLQSYGFQP,PLQSYGRQP
1245,496,S,492,501,LQSYGFQPT,LQSSGFQPT
1246,501,Y,492,501,LQSYGFQPT,LQSYGFQPY
1247,493,R,492,501,LQSYGFQPT,RQSYGFQPT
1248,498,R,492,501,LQSYGFQPT,LQSYGRQPT
1249,496,S,493,502,QSYGFQPTN,QSSGFQPTN
1250,501,Y,493,502,QSYGFQPTN,QSYGFQPYN
1251,493,R,493,502,QSYGFQPTN,QSYGFQPTR
1252,498,R,493,502,QSYGFQPTN,QSYGRQPTN
1253,496,S,494,503,SYGFQPTNG,SSGFQPTNG
1254,501,Y,494,503,SYGFQPTNG,SYGFQPYNG
1255,498,R,494,503,SYGFQPTNG,SYGRQPTNG
1256,496,S,495,504,YGFQPTNGV,SGFQPTNGV
1257,501,Y,495,504,YGFQPTNGV,YGFQPYNGV
1258,498,R,495,504,YGFQPTNGV,YGRQPTNGV
1259,496,S,496,505,GFQPTNGVG,GFQPTNGVS
1260,501,Y,496,505,GFQPTNGVG,GFQPYNGVG
1261,498,R,496,505,GFQPTNGVG,GRQPTNGVG
1262,505,H,496,505,GFQPTNGVG,GFQPTNGVH
1263,501,Y,497,506,FQPTNGVGY,FQPYNGVGY
1264,498,R,497,506,FQPTNGVGY,RQPTNGVGY
1265,505,H,497,506,FQPTNGVGY,FQPTNGVHY
1266,501,Y,498,507,QPTNGVGYQ,QPYNGVGYQ
1267,498,R,498,507,QPTNGVGYQ,QPTNGVGYR
1268,505,H,498,507,QPTNGVGYQ,QPTNGVHYQ
1269,501,Y,499,508,PTNGVGYQP,PYNGVGYQP
1270,505,H,499,508,PTNGVGYQP,PTNGVHYQP
1271,501,Y,500,509,TNGVGYQPY,YNGVGYQPY
1272,505,H,500,509,TNGVGYQPY,TNGVHYQPY
1273,501,Y,501,510,NGVGYQPYR,NGVGYQPYY
1274,505,H,501,510,NGVGYQPYR,NGVHYQPYR
1275,505,H,502,511,GVGYQPYRV,GVHYQPYRV
1276,505,H,503,512,VGYQPYRVV,VHYQPYRVV
1277,505,H,504,513,GYQPYRVVV,HYQPYRVVV
1278,505,H,505,514,YQPYRVVVL,YQPYRVVVH
1279,547,K,538,547,CVNFNFNGL,CVNFNFNGK
1280,547,K,539,548,VNFNFNGLT,VNFNFNGKT
1281,547,K,540,549,NFNFNGLTG,NFNFNGKTG
1282,547,K,541,550,FNFNGLTGT,FNFNGKTGT
1283,547,K,542,551,NFNGLTGTG,NFNGKTGTG
1284,547,K,543,552,FNGLTGTGV,FNGKTGTGV
1285,547,K,544,553,NGLTGTGVL,NGKTGTGVL
1286,547,K,545,554,GLTGTGVLT,GKTGTGVLT
1287,547,K,546,555,LTGTGVLTE,KTGTGVLTE
1288,547,K,547,556,TGTGVLTES,TGTGVLTEK
1289,570,D,561,570,PFQQFGRDI,PFQQFGRDD
1290,570,D,562,571,FQQFGRDIA,FQQFGRDDA
1291,570,D,563,572,QQFGRDIAD,QQFGRDDAD
1292,570,D,564,573,QFGRDIADT,QFGRDDADT
1293,570,D,565,574,FGRDIADTT,FGRDDADTT
1294,570,D,566,575,GRDIADTTD,GRDDADTTD
1295,570,D,567,576,RDIADTTDA,RDDADTTDA
1296,570,D,568,577,DIADTTDAV,DDADTTDAV
1297,570,D,569,578,IADTTDAVR,DADTTDAVR
1298,570,D,570,579,ADTTDAVRD,ADTTDAVRD
1299,614,G,605,614,SNQVAVLYQ,SNQVAVLYG
1300,614,G,606,615,NQVAVLYQD,NQVAVLYGD
1301,614,G,607,616,QVAVLYQDV,QVAVLYGDV
1302,614,G,608,617,VAVLYQDVN,VAVLYGDVN
1303,614,G,609,618,AVLYQDVNC,AVLYGDVNC
1304,614,G,610,619,VLYQDVNCT,VLYGDVNCT
1305,614,G,611,620,LYQDVNCTE,LYGDVNCTE
1306,614,G,612,621,YQDVNCTEV,YGDVNCTEV
1307,614,G,613,622,QDVNCTEVP,GDVNCTEVP
1308,614,G,614,623,DVNCTEVPV,DVNCTEVPG
1309,655,Y,646,655,RAGCLIGAE,RAGCLIGAY
1310,655,Y,647,656,AGCLIGAEH,AGCLIGAYH
1311,655,Y,648,657,GCLIGAEHV,GCLIGAYHV
1312,655,Y,649,658,CLIGAEHVN,CLIGAYHVN
1313,655,Y,650,659,LIGAEHVNN,LIGAYHVNN
1314,655,Y,651,660,IGAEHVNNS,IGAYHVNNS
1315,655,Y,652,661,GAEHVNNSY,GAYHVNNSY
1316,655,Y,653,662,AEHVNNSYE,AYHVNNSYE
1317,655,Y,654,663,EHVNNSYEC,YHVNNSYEC
1318,655,Y,655,664,HVNNSYECD,HVNNSYECY
1319,677,H,668,677,AGICASYQT,AGICASYQH
1320,677,H,669,678,GICASYQTQ,GICASYQHQ
1321,679,K,670,679,ICASYQTQT,ICASYQTQK
1322,677,H,670,679,ICASYQTQT,ICASYQHQT
1323,679,K,671,680,CASYQTQTN,CASYQTQKN
1324,677,H,671,680,CASYQTQTN,CASYQHQTN
1325,679,K,672,681,ASYQTQTNS,ASYQTQKNS
1326,681,H,672,681,ASYQTQTNS,ASYQTQTNH
1327,681,R,672,681,ASYQTQTNS,ASYQTQTNR
1328,677,H,672,681,ASYQTQTNS,ASYQHQTNS
1329,679,K,673,682,SYQTQTNSP,SYQTQKNSP
1330,681,H,673,682,SYQTQTNSP,SYQTQTNHP
1331,681,R,673,682,SYQTQTNSP,SYQTQTNRP
1332,677,H,673,682,SYQTQTNSP,SYQHQTNSP
1333,679,K,674,683,YQTQTNSPR,YQTQKNSPR
1334,681,H,674,683,YQTQTNSPR,YQTQTNHPR
1335,681,R,674,683,YQTQTNSPR,YQTQTNRPR
1336,677,H,674,683,YQTQTNSPR,YQHQTNSPR
1337,679,K,675,684,QTQTNSPRR,QTQKNSPRR
1338,681,H,675,684,QTQTNSPRR,QTQTNHPRR
1339,681,R,675,684,QTQTNSPRR,QTQTNRPRR
1340,677,H,675,684,QTQTNSPRR,QHQTNSPRR
1341,679,K,676,685,TQTNSPRRA,TQKNSPRRA
1342,681,H,676,685,TQTNSPRRA,TQTNHPRRA
1343,681,R,676,685,TQTNSPRRA,TQTNRPRRA
1344,677,H,676,685,TQTNSPRRA,HQTNSPRRA
1345,679,K,677,686,QTNSPRRAR,QKNSPRRAR
1346,681,H,677,686,QTNSPRRAR,QTNHPRRAR
1347,681,R,677,686,QTNSPRRAR,QTNRPRRAR
1348,677,H,677,686,QTNSPRRAR,QTNSPRRAH
1349,679,K,678,687,TNSPRRARS,KNSPRRARS
1350,681,H,678,687,TNSPRRARS,TNHPRRARS
1351,681,R,678,687,TNSPRRARS,TNRPRRARS
1352,679,K,679,688,NSPRRARSV,NSPRRARSK
1353,681,H,679,688,NSPRRARSV,NHPRRARSV
1354,681,R,679,688,NSPRRARSV,NRPRRARSV
1355,681,H,680,689,SPRRARSVA,HPRRARSVA
1356,681,R,680,689,SPRRARSVA,RPRRARSVA
1357,681,H,681,690,PRRARSVAS,PRRARSVAH
1358,681,R,681,690,PRRARSVAS,PRRARSVAR
1359,701,V,692,701,IIAYTMSLG,IIAYTMSLV
1360,701,V,692,701,IIAYTMSLG,IIAYTMSLV
1361,701,V,693,702,IAYTMSLGA,IAYTMSLVA
1362,701,V,693,702,IAYTMSLGA,IAYTMSLVA
1363,701,V,694,703,AYTMSLGAE,AYTMSLVAE
1364,701,V,694,703,AYTMSLGAE,AYTMSLVAE
1365,701,V,695,704,YTMSLGAEN,YTMSLVAEN
1366,701,V,695,704,YTMSLGAEN,YTMSLVAEN
1367,701,V,696,705,TMSLGAENS,TMSLVAENS
1368,701,V,696,705,TMSLGAENS,TMSLVAENS
1369,701,V,697,706,MSLGAENSV,MSLVAENSV
1370,701,V,697,706,MSLGAENSV,MSLVAENSV
1371,701,V,698,707,SLGAENSVA,SLVAENSVA
1372,701,V,698,707,SLGAENSVA,SLVAENSVA
1373,701,V,699,708,LGAENSVAY,LVAENSVAY
1374,701,V,699,708,LGAENSVAY,LVAENSVAY
1375,701,V,700,709,GAENSVAYS,VAENSVAYS
1376,701,V,700,709,GAENSVAYS,VAENSVAYS
1377,701,V,701,710,AENSVAYSN,AENSVAYSV
1378,701,V,701,710,AENSVAYSN,AENSVAYSV
1379,716,I,707,716,YSNNSIAIP,YSNNSIAII
1380,716,I,708,717,SNNSIAIPT,SNNSIAIIT
1381,716,I,709,718,NNSIAIPTN,NNSIAIITN
1382,716,I,710,719,NSIAIPTNF,NSIAIITNF
1383,716,I,711,720,SIAIPTNFT,SIAIITNFT
1384,716,I,712,721,IAIPTNFTI,IAIITNFTI
1385,716,I,713,722,AIPTNFTIS,AIITNFTIS
1386,716,I,714,723,IPTNFTISV,IITNFTISV
1387,716,I,715,724,PTNFTISVT,ITNFTISVT
1388,716,I,716,725,TNFTISVTT,TNFTISVTI
1389,764,K,755,764,QYGSFCTQL,QYGSFCTQK
1390,764,K,756,765,YGSFCTQLN,YGSFCTQKN
1391,764,K,757,766,GSFCTQLNR,GSFCTQKNR
1392,764,K,758,767,SFCTQLNRA,SFCTQKNRA
1393,764,K,759,768,FCTQLNRAL,FCTQKNRAL
1394,764,K,760,769,CTQLNRALT,CTQKNRALT
1395,764,K,761,770,TQLNRALTG,TQKNRALTG
1396,764,K,762,771,QLNRALTGI,QKNRALTGI
1397,764,K,763,772,LNRALTGIA,KNRALTGIA
1398,764,K,764,773,NRALTGIAV,NRALTGIAK
1399,796,Y,787,796,QIYKTPPIK,QIYKTPPIY
1400,796,Y,788,797,IYKTPPIKD,IYKTPPIYD
1401,796,Y,789,798,YKTPPIKDF,YKTPPIYDF
1402,796,Y,790,799,KTPPIKDFG,KTPPIYDFG
1403,796,Y,791,800,TPPIKDFGG,TPPIYDFGG
1404,796,Y,792,801,PPIKDFGGF,PPIYDFGGF
1405,796,Y,793,802,PIKDFGGFN,PIYDFGGFN
1406,796,Y,794,803,IKDFGGFNF,IYDFGGFNF
1407,796,Y,795,804,KDFGGFNFS,YDFGGFNFS
1408,796,Y,796,805,DFGGFNFSQ,DFGGFNFSY
1409,856,K,847,856,RDLICAQKF,RDLICAQKK
1410,856,K,848,857,DLICAQKFN,DLICAQKKN
1411,856,K,849,858,LICAQKFNG,LICAQKKNG
1412,856,K,850,859,ICAQKFNGL,ICAQKKNGL
1413,859,N,850,859,ICAQKFNGL,ICAQKFNGN
1414,856,K,851,860,CAQKFNGLT,CAQKKNGLT
1415,859,N,851,860,CAQKFNGLT,CAQKFNGNT
1416,856,K,852,861,AQKFNGLTV,AQKKNGLTV
1417,859,N,852,861,AQKFNGLTV,AQKFNGNTV
1418,856,K,853,862,QKFNGLTVL,QKKNGLTVL
1419,859,N,853,862,QKFNGLTVL,QKFNGNTVL
1420,856,K,854,863,KFNGLTVLP,KKNGLTVLP
1421,859,N,854,863,KFNGLTVLP,KFNGNTVLP
1422,856,K,855,864,FNGLTVLPP,KNGLTVLPP
1423,859,N,855,864,FNGLTVLPP,FNGNTVLPP
1424,856,K,856,865,NGLTVLPPL,NGLTVLPPK
1425,859,N,856,865,NGLTVLPPL,NGNTVLPPL
1426,859,N,857,866,GLTVLPPLL,GNTVLPPLL
1427,859,N,858,867,LTVLPPLLT,NTVLPPLLT
1428,859,N,859,868,TVLPPLLTD,TVLPPLLTN
1429,888,L,879,888,AGTITSGWT,AGTITSGWL
1430,888,L,880,889,GTITSGWTF,GTITSGWLF
1431,888,L,881,890,TITSGWTFG,TITSGWLFG
1432,888,L,882,891,ITSGWTFGA,ITSGWLFGA
1433,888,L,883,892,TSGWTFGAG,TSGWLFGAG
1434,888,L,884,893,SGWTFGAGA,SGWLFGAGA
1435,888,L,885,894,GWTFGAGAA,GWLFGAGAA
1436,888,L,886,895,WTFGAGAAL,WLFGAGAAL
1437,888,L,887,896,TFGAGAALQ,LFGAGAALQ
1438,888,L,888,897,FGAGAALQI,FGAGAALQL
1439,950,N,941,950,TASALGKLQ,TASALGKLN
1440,950,N,942,951,ASALGKLQD,ASALGKLND
1441,950,N,943,952,SALGKLQDV,SALGKLNDV
1442,950,N,944,953,ALGKLQDVV,ALGKLNDVV
1443,950,N,945,954,LGKLQDVVN,LGKLNDVVN
1444,954,H,945,954,LGKLQDVVN,LGKLQDVVH
1445,950,N,946,955,GKLQDVVNQ,GKLNDVVNQ
1446,954,H,946,955,GKLQDVVNQ,GKLQDVVHQ
1447,950,N,947,956,KLQDVVNQN,KLNDVVNQN
1448,954,H,947,956,KLQDVVNQN,KLQDVVHQN
1449,950,N,948,957,LQDVVNQNA,LNDVVNQNA
1450,954,H,948,957,LQDVVNQNA,LQDVVHQNA
1451,950,N,949,958,QDVVNQNAQ,NDVVNQNAQ
1452,954,H,949,958,QDVVNQNAQ,QDVVHQNAQ
1453,950,N,950,959,DVVNQNAQA,DVVNQNAQN
1454,954,H,950,959,DVVNQNAQA,DVVHQNAQA
1455,954,H,951,960,VVNQNAQAL,VVHQNAQAL
1456,954,H,952,961,VNQNAQALN,VHQNAQALN
1457,954,H,953,962,NQNAQALNT,HQNAQALNT
1458,954,H,954,963,QNAQALNTL,QNAQALNTH
1459,969,K,960,969,NTLVKQLSS,NTLVKQLSK
1460,969,K,961,970,TLVKQLSSN,TLVKQLSKN
1461,969,K,962,971,LVKQLSSNF,LVKQLSKNF
1462,969,K,963,972,VKQLSSNFG,VKQLSKNFG
1463,969,K,964,973,KQLSSNFGA,KQLSKNFGA
1464,969,K,965,974,QLSSNFGAI,QLSKNFGAI
1465,969,K,966,975,LSSNFGAIS,LSKNFGAIS
1466,969,K,967,976,SSNFGAISS,SKNFGAISS
1467,969,K,968,977,SNFGAISSV,KNFGAISSV
1468,969,K,969,978,NFGAISSVL,NFGAISSVK
1469,981,F,972,981,AISSVLNDI,AISSVLNDF
1470,981,F,973,982,ISSVLNDIL,ISSVLNDFL
1471,982,A,973,982,ISSVLNDIL,ISSVLNDIA
1472,981,F,974,983,SSVLNDILS,SSVLNDFLS
1473,982,A,974,983,SSVLNDILS,SSVLNDIAS
1474,981,F,975,984,SVLNDILSR,SVLNDFLSR
1475,982,A,975,984,SVLNDILSR,SVLNDIASR
1476,981,F,976,985,VLNDILSRL,VLNDFLSRL
1477,982,A,976,985,VLNDILSRL,VLNDIASRL
1478,981,F,977,986,LNDILSRLD,LNDFLSRLD
1479,982,A,977,986,LNDILSRLD,LNDIASRLD
1480,981,F,978,987,NDILSRLDK,NDFLSRLDK
1481,982,A,978,987,NDILSRLDK,NDIASRLDK
1482,981,F,979,988,DILSRLDKV,DFLSRLDKV
1483,982,A,979,988,DILSRLDKV,DIASRLDKV
1484,981,F,980,989,ILSRLDKVE,FLSRLDKVE
1485,982,A,980,989,ILSRLDKVE,IASRLDKVE
1486,981,F,981,990,LSRLDKVEA,LSRLDKVEF
1487,982,A,981,990,LSRLDKVEA,ASRLDKVEA
1488,982,A,982,991,SRLDKVEAE,SRLDKVEAA
1489,1027,I,1018,1027,IRASANLAA,IRASANLAI
1490,1027,I,1019,1028,RASANLAAT,RASANLAIT
1491,1027,I,1020,1029,ASANLAATK,ASANLAITK
1492,1027,I,1021,1030,SANLAATKM,SANLAITKM
1493,1027,I,1022,1031,ANLAATKMS,ANLAITKMS
1494,1027,I,1023,1032,NLAATKMSE,NLAITKMSE
1495,1027,I,1024,1033,LAATKMSEC,LAITKMSEC
1496,1027,I,1025,1034,AATKMSECV,AITKMSECV
1497,1027,I,1026,1035,ATKMSECVL,ITKMSECVL
1498,1027,I,1027,1036,TKMSECVLG,TKMSECVLI
1499,1071,H,1062,1071,FLHVTYVPA,FLHVTYVPH
1500,1071,H,1063,1072,LHVTYVPAQ,LHVTYVPHQ
1501,1071,H,1064,1073,HVTYVPAQE,HVTYVPHQE
1502,1071,H,1065,1074,VTYVPAQEK,VTYVPHQEK
1503,1071,H,1066,1075,TYVPAQEKN,TYVPHQEKN
1504,1071,H,1067,1076,YVPAQEKNF,YVPHQEKNF
1505,1071,H,1068,1077,VPAQEKNFT,VPHQEKNFT
1506,1071,H,1069,1078,PAQEKNFTT,PHQEKNFTT
1507,1071,H,1070,1079,AQEKNFTTA,HQEKNFTTA
1508,1071,H,1071,1080,QEKNFTTAP,QEKNFTTAH
1509,1118,H,1109,1118,FYEPQIITT,FYEPQIITH
1510,1118,H,1110,1119,YEPQIITTD,YEPQIITHD
1511,1118,H,1111,1120,EPQIITTDN,EPQIITHDN
1512,1118,H,1112,1121,PQIITTDNT,PQIITHDNT
1513,1118,H,1113,1122,QIITTDNTF,QIITHDNTF
1514,1118,H,1114,1123,IITTDNTFV,IITHDNTFV
1515,1118,H,1115,1124,ITTDNTFVS,ITHDNTFVS
1516,1118,H,1116,1125,TTDNTFVSG,THDNTFVSG
1517,1118,H,1117,1126,TDNTFVSGN,HDNTFVSGN
1518,1118,H,1118,1127,DNTFVSGNC,DNTFVSGNH
1519,1176,F,1167,1176,GDISGINAS,GDISGINAF
1520,1176,F,1168,1177,DISGINASV,DISGINAFV
1521,1176,F,1169,1178,ISGINASVV,ISGINAFVV
1522,1176,F,1170,1179,SGINASVVN,SGINAFVVN
1523,1176,F,1171,1180,GINASVVNI,GINAFVVNI
1524,1176,F,1172,1181,INASVVNIQ,INAFVVNIQ
1525,1176,F,1173,1182,NASVVNIQK,NAFVVNIQK
1526,1176,F,1174,1183,ASVVNIQKE,AFVVNIQKE
1527,1176,F,1175,1184,SVVNIQKEI,FVVNIQKEI
1528,1176,F,1176,1185,VVNIQKEID,VVNIQKEIF
1529,5,F,1,11,MFVFLVLLPL,MFVFLVLLPL
1530,9,L,1,11,MFVFLVLLPL,MFVFLVLLPL
1531,5,F,2,12,FVFLVLLPLV,FVFLVLLPLV
1532,9,L,2,12,FVFLVLLPLV,FVFLVLLPLV
1533,5,F,3,13,VFLVLLPLVS,VFLVLLPLVS
1534,9,L,3,13,VFLVLLPLVS,VFLVLLPLVS
1535,5,F,4,14,FLVLLPLVSS,FLVLLPLVSS
1536,9,L,4,14,FLVLLPLVSS,FLVLLPLVSS
1537,5,F,5,15,LVLLPLVSSQ,LVLLPLVSSF
1538,9,L,5,15,LVLLPLVSSQ,LVLLPLVSSQ
1539,9,L,6,16,VLLPLVSSQC,VLLPLVSSQC
1540,9,L,7,17,LLPLVSSQCV,LLPLVSSQCV
1541,18,F,8,18,LPLVSSQCVN,LPLVSSQCVF
1542,9,L,8,18,LPLVSSQCVN,LPLVSSQCVN
1543,18,F,9,19,PLVSSQCVNL,PLVSSQCVFL
1544,9,L,9,19,PLVSSQCVNL,PLVSSQCVNL
1545,19,I,9,19,PLVSSQCVNL,PLVSSQCVNI
1546,19,R,9,19,PLVSSQCVNL,PLVSSQCVNR
1547,18,F,10,20,LVSSQCVNLT,LVSSQCVFLT
1548,19,I,10,20,LVSSQCVNLT,LVSSQCVNIT
1549,19,R,10,20,LVSSQCVNLT,LVSSQCVNRT
1550,20,N,10,20,LVSSQCVNLT,LVSSQCVNLN
1551,18,F,11,21,VSSQCVNLTT,VSSQCVFLTT
1552,19,I,11,21,VSSQCVNLTT,VSSQCVNITT
1553,19,R,11,21,VSSQCVNLTT,VSSQCVNRTT
1554,20,N,11,21,VSSQCVNLTT,VSSQCVNLNT
1555,18,F,12,22,SSQCVNLTTR,SSQCVFLTTR
1556,19,I,12,22,SSQCVNLTTR,SSQCVNITTR
1557,19,R,12,22,SSQCVNLTTR,SSQCVNRTTR
1558,20,N,12,22,SSQCVNLTTR,SSQCVNLNTR
1559,18,F,13,23,SQCVNLTTRT,SQCVFLTTRT
1560,19,I,13,23,SQCVNLTTRT,SQCVNITTRT
1561,19,R,13,23,SQCVNLTTRT,SQCVNRTTRT
1562,20,N,13,23,SQCVNLTTRT,SQCVNLNTRT
1563,18,F,14,24,QCVNLTTRTQ,QCVFLTTRTQ
1564,19,I,14,24,QCVNLTTRTQ,QCVNITTRTQ
1565,19,R,14,24,QCVNLTTRTQ,QCVNRTTRTQ
1566,20,N,14,24,QCVNLTTRTQ,QCVNLNTRTQ
1567,18,F,15,25,CVNLTTRTQL,CVFLTTRTQL
1568,19,I,15,25,CVNLTTRTQL,CVNITTRTQL
1569,19,R,15,25,CVNLTTRTQL,CVNRTTRTQL
1570,20,N,15,25,CVNLTTRTQL,CVNLNTRTQL
1571,18,F,16,26,VNLTTRTQLP,VFLTTRTQLP
1572,26,S,16,26,VNLTTRTQLP,VNLTTRTQLS
1573,19,I,16,26,VNLTTRTQLP,VNITTRTQLP
1574,19,R,16,26,VNLTTRTQLP,VNRTTRTQLP
1575,20,N,16,26,VNLTTRTQLP,VNLNTRTQLP
1576,27,S,17,27,NLTTRTQLPP,NLTTRTQLPS
1577,18,F,17,27,NLTTRTQLPP,FLTTRTQLPP
1578,26,S,17,27,NLTTRTQLPP,NLTTRTQLSP
1579,19,I,17,27,NLTTRTQLPP,NITTRTQLPP
1580,19,R,17,27,NLTTRTQLPP,NRTTRTQLPP
1581,20,N,17,27,NLTTRTQLPP,NLNTRTQLPP
1582,27,S,18,28,LTTRTQLPPA,LTTRTQLPSA
1583,18,F,18,28,LTTRTQLPPA,LTTRTQLPPF
1584,26,S,18,28,LTTRTQLPPA,LTTRTQLSPA
1585,19,I,18,28,LTTRTQLPPA,ITTRTQLPPA
1586,19,R,18,28,LTTRTQLPPA,RTTRTQLPPA
1587,20,N,18,28,LTTRTQLPPA,LNTRTQLPPA
1588,27,S,19,29,TTRTQLPPAY,TTRTQLPSAY
1589,26,S,19,29,TTRTQLPPAY,TTRTQLSPAY
1590,19,I,19,29,TTRTQLPPAY,TTRTQLPPAI
1591,19,R,19,29,TTRTQLPPAY,TTRTQLPPAR
1592,20,N,19,29,TTRTQLPPAY,NTRTQLPPAY
1593,27,S,20,30,TRTQLPPAYT,TRTQLPSAYT
1594,26,S,20,30,TRTQLPPAYT,TRTQLSPAYT
1595,20,N,20,30,TRTQLPPAYT,TRTQLPPAYN
1596,27,S,21,31,RTQLPPAYTN,RTQLPSAYTN
1597,26,S,21,31,RTQLPPAYTN,RTQLSPAYTN
1598,27,S,22,32,TQLPPAYTNS,TQLPSAYTNS
1599,26,S,22,32,TQLPPAYTNS,TQLSPAYTNS
1600,27,S,23,33,QLPPAYTNSF,QLPSAYTNSF
1601,26,S,23,33,QLPPAYTNSF,QLSPAYTNSF
1602,27,S,24,34,LPPAYTNSFT,LPSAYTNSFT
1603,26,S,24,34,LPPAYTNSFT,LSPAYTNSFT
1604,27,S,25,35,PPAYTNSFTR,PSAYTNSFTR
1605,26,S,25,35,PPAYTNSFTR,SPAYTNSFTR
1606,27,S,26,36,PAYTNSFTRG,SAYTNSFTRG
1607,26,S,26,36,PAYTNSFTRG,PAYTNSFTRS
1608,27,S,27,37,AYTNSFTRGV,AYTNSFTRGS
1609,52,R,42,52,VFRSSVLHST,VFRSSVLHSR
1610,52,R,43,53,FRSSVLHSTQ,FRSSVLHSRQ
1611,52,R,44,54,RSSVLHSTQD,RSSVLHSRQD
1612,52,R,45,55,SSVLHSTQDL,SSVLHSRQDL
1613,52,R,46,56,SVLHSTQDLF,SVLHSRQDLF
1614,52,R,47,57,VLHSTQDLFL,VLHSRQDLFL
1615,52,R,48,58,LHSTQDLFLP,LHSRQDLFLP
1616,52,R,49,59,HSTQDLFLPF,HSRQDLFLPF
1617,52,R,50,60,STQDLFLPFF,SRQDLFLPFF
1618,52,R,51,61,TQDLFLPFFS,RQDLFLPFFS
1619,52,R,52,62,QDLFLPFFSN,QDLFLPFFSR
1620,67,V,57,67,PFFSNVTWFH,PFFSNVTWFV
1621,67,V,58,68,FFSNVTWFHA,FFSNVTWFVA
1622,67,V,59,69,FSNVTWFHAI,FSNVTWFVAI
1623,67,V,60,70,SNVTWFHAIH,SNVTWFVAIH
1624,67,V,61,71,NVTWFHAIHV,NVTWFVAIHV
1625,67,V,62,72,VTWFHAIHVS,VTWFVAIHVS
1626,67,V,63,73,TWFHAIHVSG,TWFVAIHVSG
1627,67,V,64,74,WFHAIHVSGT,WFVAIHVSGT
1628,67,V,65,75,FHAIHVSGTN,FVAIHVSGTN
1629,75,V,65,75,FHAIHVSGTN,FHAIHVSGTV
1630,67,V,66,76,HAIHVSGTNG,VAIHVSGTNG
1631,75,V,66,76,HAIHVSGTNG,HAIHVSGTVG
1632,76,I,66,76,HAIHVSGTNG,HAIHVSGTNI
1633,67,V,67,77,AIHVSGTNGT,AIHVSGTNGV
1634,75,V,67,77,AIHVSGTNGT,AIHVSGTVGT
1635,76,I,67,77,AIHVSGTNGT,AIHVSGTNIT
1636,75,V,68,78,IHVSGTNGTK,IHVSGTVGTK
1637,76,I,68,78,IHVSGTNGTK,IHVSGTNITK
1638,75,V,69,79,HVSGTNGTKR,HVSGTVGTKR
1639,76,I,69,79,HVSGTNGTKR,HVSGTNITKR
1640,80,A,70,80,VSGTNGTKRF,VSGTNGTKRA
1641,75,V,70,80,VSGTNGTKRF,VSGTVGTKRF
1642,76,I,70,80,VSGTNGTKRF,VSGTNITKRF
1643,80,A,71,81,SGTNGTKRFD,SGTNGTKRAD
1644,75,V,71,81,SGTNGTKRFD,SGTVGTKRFD
1645,76,I,71,81,SGTNGTKRFD,SGTNITKRFD
1646,80,A,72,82,GTNGTKRFDN,GTNGTKRADN
1647,75,V,72,82,GTNGTKRFDN,GTVGTKRFDN
1648,76,I,72,82,GTNGTKRFDN,GTNITKRFDN
1649,80,A,73,83,TNGTKRFDNP,TNGTKRADNP
1650,75,V,73,83,TNGTKRFDNP,TVGTKRFDNP
1651,76,I,73,83,TNGTKRFDNP,TNITKRFDNP
1652,80,A,74,84,NGTKRFDNPV,NGTKRADNPV
1653,75,V,74,84,NGTKRFDNPV,VGTKRFDNPV
1654,76,I,74,84,NGTKRFDNPV,NITKRFDNPV
1655,80,A,75,85,GTKRFDNPVL,GTKRADNPVL
1656,75,V,75,85,GTKRFDNPVL,GTKRFDNPVV
1657,76,I,75,85,GTKRFDNPVL,ITKRFDNPVL
1658,80,A,76,86,TKRFDNPVLP,TKRADNPVLP
1659,76,I,76,86,TKRFDNPVLP,TKRFDNPVLI
1660,80,A,77,87,KRFDNPVLPF,KRADNPVLPF
1661,80,A,78,88,RFDNPVLPFN,RADNPVLPFN
1662,80,A,79,89,FDNPVLPFND,ADNPVLPFND
1663,80,A,80,90,DNPVLPFNDG,DNPVLPFNDA
1664,95,I,85,95,PFNDGVYFAS,PFNDGVYFAI
1665,95,I,86,96,FNDGVYFAST,FNDGVYFAIT
1666,95,I,87,97,NDGVYFASTE,NDGVYFAITE
1667,95,I,88,98,DGVYFASTEK,DGVYFAITEK
1668,95,I,89,99,GVYFASTEKS,GVYFAITEKS
1669,95,I,90,100,VYFASTEKSN,VYFAITEKSN
1670,95,I,91,101,YFASTEKSNI,YFAITEKSNI
1671,95,I,92,102,FASTEKSNII,FAITEKSNII
1672,95,I,93,103,ASTEKSNIIR,AITEKSNIIR
1673,95,I,94,104,STEKSNIIRG,ITEKSNIIRG
1674,95,I,95,105,TEKSNIIRGW,TEKSNIIRGI
1675,136,F,126,136,VVIKVCEFQF,VVIKVCEFQF
1676,136,F,127,137,VIKVCEFQFC,VIKVCEFQFC
1677,136,F,128,138,IKVCEFQFCN,IKVCEFQFCN
1678,138,Y,128,138,IKVCEFQFCN,IKVCEFQFCY
1679,136,F,129,139,KVCEFQFCND,KVCEFQFCND
1680,138,Y,129,139,KVCEFQFCND,KVCEFQFCYD
1681,136,F,130,140,VCEFQFCNDP,VCEFQFCNDP
1682,138,Y,130,140,VCEFQFCNDP,VCEFQFCYDP
1683,136,F,131,141,CEFQFCNDPF,CEFQFCNDPF
1684,138,Y,131,141,CEFQFCNDPF,CEFQFCYDPF
1685,136,F,132,142,EFQFCNDPFL,EFQFCNDPFL
1686,138,Y,132,142,EFQFCNDPFL,EFQFCYDPFL
1687,142,D,132,142,EFQFCNDPFL,EFQFCNDPFD
1688,136,F,133,143,FQFCNDPFLG,FQFCNDPFLG
1689,138,Y,133,143,FQFCNDPFLG,FQFCYDPFLG
1690,142,D,133,143,FQFCNDPFLG,FQFCNDPFDG
1691,136,F,134,144,QFCNDPFLGV,QFCNDPFLGV
1692,138,Y,134,144,QFCNDPFLGV,QFCYDPFLGV
1693,142,D,134,144,QFCNDPFLGV,QFCNDPFDGV
1694,144,S,134,144,QFCNDPFLGV,QFCNDPFLGS
1695,136,F,135,145,FCNDPFLGVY,FCNDPFLGVY
1696,138,Y,135,145,FCNDPFLGVY,FCYDPFLGVY
1697,142,D,135,145,FCNDPFLGVY,FCNDPFDGVY
1698,144,S,135,145,FCNDPFLGVY,FCNDPFLGSY
1699,145,D,135,145,FCNDPFLGVY,FCNDPFLGVD
1700,145,H,135,145,FCNDPFLGVY,FCNDPFLGVH
1701,145,N,135,145,FCNDPFLGVY,FCNDPFLGVN
1702,136,F,136,146,CNDPFLGVYY,CNDPFLGVYF
1703,138,Y,136,146,CNDPFLGVYY,CYDPFLGVYY
1704,142,D,136,146,CNDPFLGVYY,CNDPFDGVYY
1705,144,S,136,146,CNDPFLGVYY,CNDPFLGSYY
1706,145,D,136,146,CNDPFLGVYY,CNDPFLGVDY
1707,145,H,136,146,CNDPFLGVYY,CNDPFLGVHY
1708,145,N,136,146,CNDPFLGVYY,CNDPFLGVNY
1709,138,Y,137,147,NDPFLGVYYH,YDPFLGVYYH
1710,142,D,137,147,NDPFLGVYYH,NDPFDGVYYH
1711,144,S,137,147,NDPFLGVYYH,NDPFLGSYYH
1712,145,D,137,147,NDPFLGVYYH,NDPFLGVDYH
1713,145,H,137,147,NDPFLGVYYH,NDPFLGVHYH
1714,145,N,137,147,NDPFLGVYYH,NDPFLGVNYH
1715,138,Y,138,148,DPFLGVYYHK,DPFLGVYYHY
1716,142,D,138,148,DPFLGVYYHK,DPFDGVYYHK
1717,144,S,138,148,DPFLGVYYHK,DPFLGSYYHK
1718,145,D,138,148,DPFLGVYYHK,DPFLGVDYHK
1719,145,H,138,148,DPFLGVYYHK,DPFLGVHYHK
1720,145,N,138,148,DPFLGVYYHK,DPFLGVNYHK
1721,142,D,139,149,PFLGVYYHKN,PFDGVYYHKN
1722,144,S,139,149,PFLGVYYHKN,PFLGSYYHKN
1723,145,D,139,149,PFLGVYYHKN,PFLGVDYHKN
1724,145,H,139,149,PFLGVYYHKN,PFLGVHYHKN
1725,145,N,139,149,PFLGVYYHKN,PFLGVNYHKN
1726,142,D,140,150,FLGVYYHKNN,FDGVYYHKNN
1727,144,S,140,150,FLGVYYHKNN,FLGSYYHKNN
1728,145,D,140,150,FLGVYYHKNN,FLGVDYHKNN
1729,145,H,140,150,FLGVYYHKNN,FLGVHYHKNN
1730,145,N,140,150,FLGVYYHKNN,FLGVNYHKNN
1731,142,D,141,151,LGVYYHKNNK,DGVYYHKNNK
1732,144,S,141,151,LGVYYHKNNK,LGSYYHKNNK
1733,145,D,141,151,LGVYYHKNNK,LGVDYHKNNK
1734,145,H,141,151,LGVYYHKNNK,LGVHYHKNNK
1735,145,N,141,151,LGVYYHKNNK,LGVNYHKNNK
1736,142,D,142,152,GVYYHKNNKS,GVYYHKNNKD
1737,144,S,142,152,GVYYHKNNKS,GSYYHKNNKS
1738,145,D,142,152,GVYYHKNNKS,GVDYHKNNKS
1739,145,H,142,152,GVYYHKNNKS,GVHYHKNNKS
1740,145,N,142,152,GVYYHKNNKS,GVNYHKNNKS
1741,144,S,143,153,VYYHKNNKSW,SYYHKNNKSW
1742,145,D,143,153,VYYHKNNKSW,VDYHKNNKSW
1743,145,H,143,153,VYYHKNNKSW,VHYHKNNKSW
1744,145,N,143,153,VYYHKNNKSW,VNYHKNNKSW
1745,154,K,144,154,YYHKNNKSWM,YYHKNNKSWK
1746,144,S,144,154,YYHKNNKSWM,YYHKNNKSWS
1747,145,D,144,154,YYHKNNKSWM,DYHKNNKSWM
1748,145,H,144,154,YYHKNNKSWM,HYHKNNKSWM
1749,145,N,144,154,YYHKNNKSWM,NYHKNNKSWM
1750,154,K,145,155,YHKNNKSWME,YHKNNKSWKE
1751,145,D,145,155,YHKNNKSWME,YHKNNKSWMD
1752,145,H,145,155,YHKNNKSWME,YHKNNKSWMH
1753,145,N,145,155,YHKNNKSWME,YHKNNKSWMN
1754,154,K,146,156,HKNNKSWMES,HKNNKSWKES
1755,154,K,147,157,KNNKSWMESE,KNNKSWKESE
1756,154,K,148,158,NNKSWMESEF,NNKSWKESEF
1757,158,G,148,158,NNKSWMESEF,NNKSWMESEG
1758,154,K,149,159,NKSWMESEFR,NKSWKESEFR
1759,158,G,149,159,NKSWMESEFR,NKSWMESEGR
1760,154,K,150,160,KSWMESEFRV,KSWKESEFRV
1761,158,G,150,160,KSWMESEFRV,KSWMESEGRV
1762,154,K,151,161,SWMESEFRVY,SWKESEFRVY
1763,158,G,151,161,SWMESEFRVY,SWMESEGRVY
1764,154,K,152,162,WMESEFRVYS,WKESEFRVYS
1765,158,G,152,162,WMESEFRVYS,WMESEGRVYS
1766,154,K,153,163,MESEFRVYSS,KESEFRVYSS
1767,158,G,153,163,MESEFRVYSS,MESEGRVYSS
1768,154,K,154,164,ESEFRVYSSA,ESEFRVYSSK
1769,158,G,154,164,ESEFRVYSSA,ESEGRVYSSA
1770,158,G,155,165,SEFRVYSSAN,SEGRVYSSAN
1771,158,G,156,166,EFRVYSSANN,EGRVYSSANN
1772,158,G,157,167,FRVYSSANNC,GRVYSSANNC
1773,158,G,158,168,RVYSSANNCT,RVYSSANNCG
1774,190,S,180,190,EGKQGNFKNL,EGKQGNFKNS
1775,190,S,181,191,GKQGNFKNLR,GKQGNFKNSR
1776,190,S,182,192,KQGNFKNLRE,KQGNFKNSRE
1777,190,S,183,193,QGNFKNLREF,QGNFKNSREF
1778,190,S,184,194,GNFKNLREFV,GNFKNSREFV
1779,190,S,185,195,NFKNLREFVF,NFKNSREFVF
1780,190,S,186,196,FKNLREFVFK,FKNSREFVFK
1781,190,S,187,197,KNLREFVFKN,KNSREFVFKN
1782,190,S,188,198,NLREFVFKNI,NSREFVFKNI
1783,190,S,189,199,LREFVFKNID,SREFVFKNID
1784,190,S,190,200,REFVFKNIDG,REFVFKNIDS
1785,212,I,202,212,KIYSKHTPIN,KIYSKHTPII
1786,212,I,203,213,IYSKHTPINL,IYSKHTPIIL
1787,213,G,203,213,IYSKHTPINL,IYSKHTPING
1788,212,I,204,214,YSKHTPINLV,YSKHTPIILV
1789,213,G,204,214,YSKHTPINLV,YSKHTPINGV
1790,215,G,205,215,SKHTPINLVR,SKHTPINLVG
1791,212,I,205,215,SKHTPINLVR,SKHTPIILVR
1792,213,G,205,215,SKHTPINLVR,SKHTPINGVR
1793,215,G,206,216,KHTPINLVRD,KHTPINLVGD
1794,212,I,206,216,KHTPINLVRD,KHTPIILVRD
1795,213,G,206,216,KHTPINLVRD,KHTPINGVRD
1796,215,G,207,217,HTPINLVRDL,HTPINLVGDL
1797,212,I,207,217,HTPINLVRDL,HTPIILVRDL
1798,213,G,207,217,HTPINLVRDL,HTPINGVRDL
1799,215,G,208,218,TPINLVRDLP,TPINLVGDLP
1800,212,I,208,218,TPINLVRDLP,TPIILVRDLP
1801,213,G,208,218,TPINLVRDLP,TPINGVRDLP
1802,215,G,209,219,PINLVRDLPQ,PINLVGDLPQ
1803,212,I,209,219,PINLVRDLPQ,PIILVRDLPQ
1804,213,G,209,219,PINLVRDLPQ,PINGVRDLPQ
1805,215,G,210,220,INLVRDLPQG,INLVGDLPQG
1806,212,I,210,220,INLVRDLPQG,IILVRDLPQG
1807,213,G,210,220,INLVRDLPQG,INGVRDLPQG
1808,215,G,211,221,NLVRDLPQGF,NLVGDLPQGF
1809,212,I,211,221,NLVRDLPQGF,ILVRDLPQGF
1810,213,G,211,221,NLVRDLPQGF,NGVRDLPQGF
1811,222,V,212,222,LVRDLPQGFS,LVRDLPQGFV
1812,215,G,212,222,LVRDLPQGFS,LVGDLPQGFS
1813,212,I,212,222,LVRDLPQGFS,LVRDLPQGFI
1814,213,G,212,222,LVRDLPQGFS,GVRDLPQGFS
1815,222,V,213,223,VRDLPQGFSA,VRDLPQGFVA
1816,215,G,213,223,VRDLPQGFSA,VGDLPQGFSA
1817,213,G,213,223,VRDLPQGFSA,VRDLPQGFSG
1818,222,V,214,224,RDLPQGFSAL,RDLPQGFVAL
1819,215,G,214,224,RDLPQGFSAL,GDLPQGFSAL
1820,222,V,215,225,DLPQGFSALE,DLPQGFVALE
1821,215,G,215,225,DLPQGFSALE,DLPQGFSALG
1822,222,V,216,226,LPQGFSALEP,LPQGFVALEP
1823,222,V,217,227,PQGFSALEPL,PQGFVALEPL
1824,222,V,218,228,QGFSALEPLV,QGFVALEPLV
1825,222,V,219,229,GFSALEPLVD,GFVALEPLVD
1826,222,V,220,230,FSALEPLVDL,FVALEPLVDL
1827,222,V,221,231,SALEPLVDLP,VALEPLVDLP
1828,222,V,222,232,ALEPLVDLPI,ALEPLVDLPV
1829,253,N,243,253,ALHRSYLTPG,ALHRSYLTPN
1830,253,N,244,254,LHRSYLTPGD,LHRSYLTPND
1831,253,N,245,255,HRSYLTPGDS,HRSYLTPNDS
1832,253,N,246,256,RSYLTPGDSS,RSYLTPNDSS
1833,253,N,247,257,SYLTPGDSSS,SYLTPNDSSS
1834,253,N,248,258,YLTPGDSSSG,YLTPNDSSSG
1835,253,N,249,259,LTPGDSSSGW,LTPNDSSSGW
1836,253,N,250,260,TPGDSSSGWT,TPNDSSSGWT
1837,253,N,251,261,PGDSSSGWTA,PNDSSSGWTA
1838,253,N,252,262,GDSSSGWTAG,NDSSSGWTAG
1839,253,N,253,263,DSSSGWTAGA,DSSSGWTAGN
1840,339,D,329,339,FPNITNLCPF,FPNITNLCPD
1841,339,D,330,340,PNITNLCPFG,PNITNLCPDG
1842,339,D,331,341,NITNLCPFGE,NITNLCPDGE
1843,339,D,332,342,ITNLCPFGEV,ITNLCPDGEV
1844,339,D,333,343,TNLCPFGEVF,TNLCPDGEVF
1845,339,D,334,344,NLCPFGEVFN,NLCPDGEVFN
1846,339,D,335,345,LCPFGEVFNA,LCPDGEVFNA
1847,339,D,336,346,CPFGEVFNAT,CPDGEVFNAT
1848,346,K,336,346,CPFGEVFNAT,CPFGEVFNAK
1849,339,D,337,347,PFGEVFNATR,PDGEVFNATR
1850,346,K,337,347,PFGEVFNATR,PFGEVFNAKR
1851,339,D,338,348,FGEVFNATRF,DGEVFNATRF
1852,346,K,338,348,FGEVFNATRF,FGEVFNAKRF
1853,339,D,339,349,GEVFNATRFA,GEVFNATRFD
1854,346,K,339,349,GEVFNATRFA,GEVFNAKRFA
1855,346,K,340,350,EVFNATRFAS,EVFNAKRFAS
1856,346,K,341,351,VFNATRFASV,VFNAKRFASV
1857,346,K,342,352,FNATRFASVY,FNAKRFASVY
1858,346,K,343,353,NATRFASVYA,NAKRFASVYA
1859,346,K,344,354,ATRFASVYAW,AKRFASVYAW
1860,346,K,345,355,TRFASVYAWN,KRFASVYAWN
1861,346,K,346,356,RFASVYAWNR,RFASVYAWNK
1862,371,F,361,371,CVADYSVLYN,CVADYSVLYF
1863,371,L,361,371,CVADYSVLYN,CVADYSVLYL
1864,371,F,362,372,VADYSVLYNS,VADYSVLYFS
1865,371,L,362,372,VADYSVLYNS,VADYSVLYLS
1866,371,F,363,373,ADYSVLYNSA,ADYSVLYFSA
1867,371,L,363,373,ADYSVLYNSA,ADYSVLYLSA
1868,373,P,363,373,ADYSVLYNSA,ADYSVLYNSP
1869,371,F,364,374,DYSVLYNSAS,DYSVLYFSAS
1870,371,L,364,374,DYSVLYNSAS,DYSVLYLSAS
1871,373,P,364,374,DYSVLYNSAS,DYSVLYNSPS
1872,371,F,365,375,YSVLYNSASF,YSVLYFSASF
1873,371,L,365,375,YSVLYNSASF,YSVLYLSASF
1874,373,P,365,375,YSVLYNSASF,YSVLYNSPSF
1875,375,F,365,375,YSVLYNSASF,YSVLYNSASF
1876,371,F,366,376,SVLYNSASFS,SVLYFSASFS
1877,371,L,366,376,SVLYNSASFS,SVLYLSASFS
1878,373,P,366,376,SVLYNSASFS,SVLYNSPSFS
1879,375,F,366,376,SVLYNSASFS,SVLYNSASFS
1880,376,A,366,376,SVLYNSASFS,SVLYNSASFA
1881,371,F,367,377,VLYNSASFST,VLYFSASFST
1882,371,L,367,377,VLYNSASFST,VLYLSASFST
1883,373,P,367,377,VLYNSASFST,VLYNSPSFST
1884,375,F,367,377,VLYNSASFST,VLYNSASFST
1885,376,A,367,377,VLYNSASFST,VLYNSASFAT
1886,371,F,368,378,LYNSASFSTF,LYFSASFSTF
1887,371,L,368,378,LYNSASFSTF,LYLSASFSTF
1888,373,P,368,378,LYNSASFSTF,LYNSPSFSTF
1889,375,F,368,378,LYNSASFSTF,LYNSASFSTF
1890,376,A,368,378,LYNSASFSTF,LYNSASFATF
1891,371,F,369,379,YNSASFSTFK,YFSASFSTFK
1892,371,L,369,379,YNSASFSTFK,YLSASFSTFK
1893,373,P,369,379,YNSASFSTFK,YNSPSFSTFK
1894,375,F,369,379,YNSASFSTFK,YNSASFSTFK
1895,376,A,369,379,YNSASFSTFK,YNSASFATFK
1896,371,F,370,380,NSASFSTFKC,FSASFSTFKC
1897,371,L,370,380,NSASFSTFKC,LSASFSTFKC
1898,373,P,370,380,NSASFSTFKC,NSPSFSTFKC
1899,375,F,370,380,NSASFSTFKC,NSASFSTFKC
1900,376,A,370,380,NSASFSTFKC,NSASFATFKC
1901,371,F,371,381,SASFSTFKCY,SASFSTFKCF
1902,371,L,371,381,SASFSTFKCY,SASFSTFKCL
1903,373,P,371,381,SASFSTFKCY,SPSFSTFKCY
1904,375,F,371,381,SASFSTFKCY,SASFSTFKCY
1905,376,A,371,381,SASFSTFKCY,SASFATFKCY
1906,373,P,372,382,ASFSTFKCYG,PSFSTFKCYG
1907,375,F,372,382,ASFSTFKCYG,ASFSTFKCYG
1908,376,A,372,382,ASFSTFKCYG,ASFATFKCYG
1909,373,P,373,383,SFSTFKCYGV,SFSTFKCYGP
1910,375,F,373,383,SFSTFKCYGV,SFSTFKCYGV
1911,376,A,373,383,SFSTFKCYGV,SFATFKCYGV
1912,375,F,374,384,FSTFKCYGVS,FSTFKCYGVS
1913,376,A,374,384,FSTFKCYGVS,FATFKCYGVS
1914,375,F,375,385,STFKCYGVSP,STFKCYGVSF
1915,376,A,375,385,STFKCYGVSP,ATFKCYGVSP
1916,376,A,376,386,TFKCYGVSPT,TFKCYGVSPA
1917,405,N,395,405,VYADSFVIRG,VYADSFVIRN
1918,405,N,396,406,YADSFVIRGD,YADSFVIRND
1919,405,N,397,407,ADSFVIRGDE,ADSFVIRNDE
1920,405,N,398,408,DSFVIRGDEV,DSFVIRNDEV
1921,408,S,398,408,DSFVIRGDEV,DSFVIRGDES
1922,405,N,399,409,SFVIRGDEVR,SFVIRNDEVR
1923,408,S,399,409,SFVIRGDEVR,SFVIRGDESR
1924,405,N,400,410,FVIRGDEVRQ,FVIRNDEVRQ
1925,408,S,400,410,FVIRGDEVRQ,FVIRGDESRQ
1926,405,N,401,411,VIRGDEVRQI,VIRNDEVRQI
1927,408,S,401,411,VIRGDEVRQI,VIRGDESRQI
1928,405,N,402,412,IRGDEVRQIA,IRNDEVRQIA
1929,408,S,402,412,IRGDEVRQIA,IRGDESRQIA
1930,405,N,403,413,RGDEVRQIAP,RNDEVRQIAP
1931,408,S,403,413,RGDEVRQIAP,RGDESRQIAP
1932,405,N,404,414,GDEVRQIAPG,NDEVRQIAPG
1933,408,S,404,414,GDEVRQIAPG,GDESRQIAPG
1934,405,N,405,415,DEVRQIAPGQ,DEVRQIAPGN
1935,408,S,405,415,DEVRQIAPGQ,DESRQIAPGQ
1936,408,S,406,416,EVRQIAPGQT,ESRQIAPGQT
1937,417,N,407,417,VRQIAPGQTG,VRQIAPGQTN
1938,417,T,407,417,VRQIAPGQTG,VRQIAPGQTT
1939,408,S,407,417,VRQIAPGQTG,SRQIAPGQTG
1940,417,N,408,418,RQIAPGQTGK,RQIAPGQTNK
1941,417,T,408,418,RQIAPGQTGK,RQIAPGQTTK
1942,408,S,408,418,RQIAPGQTGK,RQIAPGQTGS
1943,417,N,409,419,QIAPGQTGKI,QIAPGQTNKI
1944,417,T,409,419,QIAPGQTGKI,QIAPGQTTKI
1945,417,N,410,420,IAPGQTGKIA,IAPGQTNKIA
1946,417,T,410,420,IAPGQTGKIA,IAPGQTTKIA
1947,417,N,411,421,APGQTGKIAD,APGQTNKIAD
1948,417,T,411,421,APGQTGKIAD,APGQTTKIAD
1949,417,N,412,422,PGQTGKIADY,PGQTNKIADY
1950,417,T,412,422,PGQTGKIADY,PGQTTKIADY
1951,417,N,413,423,GQTGKIADYN,GQTNKIADYN
1952,417,T,413,423,GQTGKIADYN,GQTTKIADYN
1953,417,N,414,424,QTGKIADYNY,QTNKIADYNY
1954,417,T,414,424,QTGKIADYNY,QTTKIADYNY
1955,417,N,415,425,TGKIADYNYK,TNKIADYNYK
1956,417,T,415,425,TGKIADYNYK,TTKIADYNYK
1957,417,N,416,426,GKIADYNYKL,NKIADYNYKL
1958,417,T,416,426,GKIADYNYKL,TKIADYNYKL
1959,417,N,417,427,KIADYNYKLP,KIADYNYKLN
1960,417,T,417,427,KIADYNYKLP,KIADYNYKLT
1961,440,K,430,440,TGCVIAWNSN,TGCVIAWNSK
1962,440,K,431,441,GCVIAWNSNN,GCVIAWNSKN
1963,440,K,432,442,CVIAWNSNNL,CVIAWNSKNL
1964,440,K,433,443,VIAWNSNNLD,VIAWNSKNLD
1965,440,K,434,444,IAWNSNNLDS,IAWNSKNLDS
1966,440,K,435,445,AWNSNNLDSK,AWNSKNLDSK
1967,446,S,436,446,WNSNNLDSKV,WNSNNLDSKS
1968,440,K,436,446,WNSNNLDSKV,WNSKNLDSKV
1969,446,S,437,447,NSNNLDSKVG,NSNNLDSKSG
1970,440,K,437,447,NSNNLDSKVG,NSKNLDSKVG
1971,446,S,438,448,SNNLDSKVGG,SNNLDSKSGG
1972,440,K,438,448,SNNLDSKVGG,SKNLDSKVGG
1973,446,S,439,449,NNLDSKVGGN,NNLDSKSGGN
1974,440,K,439,449,NNLDSKVGGN,KNLDSKVGGN
1975,449,H,439,449,NNLDSKVGGN,NNLDSKVGGH
1976,446,S,440,450,NLDSKVGGNY,NLDSKSGGNY
1977,440,K,440,450,NLDSKVGGNY,NLDSKVGGNK
1978,449,H,440,450,NLDSKVGGNY,NLDSKVGGHY
1979,446,S,441,451,LDSKVGGNYN,LDSKSGGNYN
1980,449,H,441,451,LDSKVGGNYN,LDSKVGGHYN
1981,446,S,442,452,DSKVGGNYNY,DSKSGGNYNY
1982,452,Q,442,452,DSKVGGNYNY,DSKVGGNYNQ
1983,452,R,442,452,DSKVGGNYNY,DSKVGGNYNR
1984,449,H,442,452,DSKVGGNYNY,DSKVGGHYNY
1985,446,S,443,453,SKVGGNYNYL,SKSGGNYNYL
1986,452,Q,443,453,SKVGGNYNYL,SKVGGNYNQL
1987,452,R,443,453,SKVGGNYNYL,SKVGGNYNRL
1988,449,H,443,453,SKVGGNYNYL,SKVGGHYNYL
1989,446,S,444,454,KVGGNYNYLY,KSGGNYNYLY
1990,452,Q,444,454,KVGGNYNYLY,KVGGNYNQLY
1991,452,R,444,454,KVGGNYNYLY,KVGGNYNRLY
1992,449,H,444,454,KVGGNYNYLY,KVGGHYNYLY
1993,446,S,445,455,VGGNYNYLYR,SGGNYNYLYR
1994,452,Q,445,455,VGGNYNYLYR,VGGNYNQLYR
1995,452,R,445,455,VGGNYNYLYR,VGGNYNRLYR
1996,449,H,445,455,VGGNYNYLYR,VGGHYNYLYR
1997,446,S,446,456,GGNYNYLYRL,GGNYNYLYRS
1998,452,Q,446,456,GGNYNYLYRL,GGNYNQLYRL
1999,452,R,446,456,GGNYNYLYRL,GGNYNRLYRL
2000,449,H,446,456,GGNYNYLYRL,GGHYNYLYRL
2001,452,Q,447,457,GNYNYLYRLF,GNYNQLYRLF
2002,452,R,447,457,GNYNYLYRLF,GNYNRLYRLF
2003,449,H,447,457,GNYNYLYRLF,GHYNYLYRLF
2004,452,Q,448,458,NYNYLYRLFR,NYNQLYRLFR
2005,452,R,448,458,NYNYLYRLFR,NYNRLYRLFR
2006,449,H,448,458,NYNYLYRLFR,HYNYLYRLFR
2007,452,Q,449,459,YNYLYRLFRK,YNQLYRLFRK
2008,452,R,449,459,YNYLYRLFRK,YNRLYRLFRK
2009,449,H,449,459,YNYLYRLFRK,YNYLYRLFRH
2010,452,Q,450,460,NYLYRLFRKS,NQLYRLFRKS
2011,452,R,450,460,NYLYRLFRKS,NRLYRLFRKS
2012,452,Q,451,461,YLYRLFRKSN,QLYRLFRKSN
2013,452,R,451,461,YLYRLFRKSN,RLYRLFRKSN
2014,452,Q,452,462,LYRLFRKSNL,LYRLFRKSNQ
2015,452,R,452,462,LYRLFRKSNL,LYRLFRKSNR
2016,477,N,467,477,DISTEIYQAG,DISTEIYQAN
2017,477,N,468,478,ISTEIYQAGS,ISTEIYQANS
2018,478,K,468,478,ISTEIYQAGS,ISTEIYQAGK
2019,477,N,469,479,STEIYQAGST,STEIYQANST
2020,478,K,469,479,STEIYQAGST,STEIYQAGKT
2021,477,N,470,480,TEIYQAGSTP,TEIYQANSTP
2022,478,K,470,480,TEIYQAGSTP,TEIYQAGKTP
2023,477,N,471,481,EIYQAGSTPC,EIYQANSTPC
2024,478,K,471,481,EIYQAGSTPC,EIYQAGKTPC
2025,477,N,472,482,IYQAGSTPCN,IYQANSTPCN
2026,478,K,472,482,IYQAGSTPCN,IYQAGKTPCN
2027,477,N,473,483,YQAGSTPCNG,YQANSTPCNG
2028,478,K,473,483,YQAGSTPCNG,YQAGKTPCNG
2029,484,A,474,484,QAGSTPCNGV,QAGSTPCNGA
2030,484,K,474,484,QAGSTPCNGV,QAGSTPCNGK
2031,484,Q,474,484,QAGSTPCNGV,QAGSTPCNGQ
2032,477,N,474,484,QAGSTPCNGV,QANSTPCNGV
2033,478,K,474,484,QAGSTPCNGV,QAGKTPCNGV
2034,484,A,475,485,AGSTPCNGVE,AGSTPCNGAE
2035,484,K,475,485,AGSTPCNGVE,AGSTPCNGKE
2036,484,Q,475,485,AGSTPCNGVE,AGSTPCNGQE
2037,477,N,475,485,AGSTPCNGVE,ANSTPCNGVE
2038,478,K,475,485,AGSTPCNGVE,AGKTPCNGVE
2039,484,A,476,486,GSTPCNGVEG,GSTPCNGAEG
2040,484,K,476,486,GSTPCNGVEG,GSTPCNGKEG
2041,484,Q,476,486,GSTPCNGVEG,GSTPCNGQEG
2042,477,N,476,486,GSTPCNGVEG,NSTPCNGVEG
2043,478,K,476,486,GSTPCNGVEG,GKTPCNGVEG
2044,484,A,477,487,STPCNGVEGF,STPCNGAEGF
2045,484,K,477,487,STPCNGVEGF,STPCNGKEGF
2046,484,Q,477,487,STPCNGVEGF,STPCNGQEGF
2047,477,N,477,487,STPCNGVEGF,STPCNGVEGN
2048,478,K,477,487,STPCNGVEGF,KTPCNGVEGF
2049,484,A,478,488,TPCNGVEGFN,TPCNGAEGFN
2050,484,K,478,488,TPCNGVEGFN,TPCNGKEGFN
2051,484,Q,478,488,TPCNGVEGFN,TPCNGQEGFN
2052,478,K,478,488,TPCNGVEGFN,TPCNGVEGFK
2053,484,A,479,489,PCNGVEGFNC,PCNGAEGFNC
2054,484,K,479,489,PCNGVEGFNC,PCNGKEGFNC
2055,484,Q,479,489,PCNGVEGFNC,PCNGQEGFNC
2056,484,A,480,490,CNGVEGFNCY,CNGAEGFNCY
2057,484,K,480,490,CNGVEGFNCY,CNGKEGFNCY
2058,484,Q,480,490,CNGVEGFNCY,CNGQEGFNCY
2059,490,S,480,490,CNGVEGFNCY,CNGVEGFNCS
2060,484,A,481,491,NGVEGFNCYF,NGAEGFNCYF
2061,484,K,481,491,NGVEGFNCYF,NGKEGFNCYF
2062,484,Q,481,491,NGVEGFNCYF,NGQEGFNCYF
2063,490,S,481,491,NGVEGFNCYF,NGVEGFNCSF
2064,484,A,482,492,GVEGFNCYFP,GAEGFNCYFP
2065,484,K,482,492,GVEGFNCYFP,GKEGFNCYFP
2066,484,Q,482,492,GVEGFNCYFP,GQEGFNCYFP
2067,490,S,482,492,GVEGFNCYFP,GVEGFNCSFP
2068,484,A,483,493,VEGFNCYFPL,AEGFNCYFPL
2069,484,K,483,493,VEGFNCYFPL,KEGFNCYFPL
2070,484,Q,483,493,VEGFNCYFPL,QEGFNCYFPL
2071,490,S,483,493,VEGFNCYFPL,VEGFNCSFPL
2072,493,R,483,493,VEGFNCYFPL,VEGFNCYFPR
2073,484,A,484,494,EGFNCYFPLQ,EGFNCYFPLA
2074,484,K,484,494,EGFNCYFPLQ,EGFNCYFPLK
2075,484,Q,484,494,EGFNCYFPLQ,EGFNCYFPLQ
2076,490,S,484,494,EGFNCYFPLQ,EGFNCSFPLQ
2077,493,R,484,494,EGFNCYFPLQ,EGFNCYFPRQ
2078,490,S,485,495,GFNCYFPLQS,GFNCSFPLQS
2079,493,R,485,495,GFNCYFPLQS,GFNCYFPRQS
2080,490,S,486,496,FNCYFPLQSY,FNCSFPLQSY
2081,496,S,486,496,FNCYFPLQSY,FNCYFPLQSS
2082,493,R,486,496,FNCYFPLQSY,FNCYFPRQSY
2083,490,S,487,497,NCYFPLQSYG,NCSFPLQSYG
2084,496,S,487,497,NCYFPLQSYG,NCYFPLQSSG
2085,493,R,487,497,NCYFPLQSYG,NCYFPRQSYG
2086,490,S,488,498,CYFPLQSYGF,CSFPLQSYGF
2087,496,S,488,498,CYFPLQSYGF,CYFPLQSSGF
2088,493,R,488,498,CYFPLQSYGF,CYFPRQSYGF
2089,498,R,488,498,CYFPLQSYGF,CYFPLQSYGR
2090,490,S,489,499,YFPLQSYGFQ,SFPLQSYGFQ
2091,496,S,489,499,YFPLQSYGFQ,YFPLQSSGFQ
2092,493,R,489,499,YFPLQSYGFQ,YFPRQSYGFQ
2093,498,R,489,499,YFPLQSYGFQ,YFPLQSYGRQ
2094,490,S,490,500,FPLQSYGFQP,FPLQSYGFQS
2095,496,S,490,500,FPLQSYGFQP,FPLQSSGFQP
2096,493,R,490,500,FPLQSYGFQP,FPRQSYGFQP
2097,498,R,490,500,FPLQSYGFQP,FPLQSYGRQP
2098,496,S,491,501,PLQSYGFQPT,PLQSSGFQPT
2099,501,Y,491,501,PLQSYGFQPT,PLQSYGFQPY
2100,493,R,491,501,PLQSYGFQPT,PRQSYGFQPT
2101,498,R,491,501,PLQSYGFQPT,PLQSYGRQPT
2102,496,S,492,502,LQSYGFQPTN,LQSSGFQPTN
2103,501,Y,492,502,LQSYGFQPTN,LQSYGFQPYN
2104,493,R,492,502,LQSYGFQPTN,RQSYGFQPTN
2105,498,R,492,502,LQSYGFQPTN,LQSYGRQPTN
2106,496,S,493,503,QSYGFQPTNG,QSSGFQPTNG
2107,501,Y,493,503,QSYGFQPTNG,QSYGFQPYNG
2108,493,R,493,503,QSYGFQPTNG,QSYGFQPTNR
2109,498,R,493,503,QSYGFQPTNG,QSYGRQPTNG
2110,496,S,494,504,SYGFQPTNGV,SSGFQPTNGV
2111,501,Y,494,504,SYGFQPTNGV,SYGFQPYNGV
2112,498,R,494,504,SYGFQPTNGV,SYGRQPTNGV
2113,496,S,495,505,YGFQPTNGVG,SGFQPTNGVG
2114,501,Y,495,505,YGFQPTNGVG,YGFQPYNGVG
2115,498,R,495,505,YGFQPTNGVG,YGRQPTNGVG
2116,505,H,495,505,YGFQPTNGVG,YGFQPTNGVH
2117,496,S,496,506,GFQPTNGVGY,GFQPTNGVGS
2118,501,Y,496,506,GFQPTNGVGY,GFQPYNGVGY
2119,498,R,496,506,GFQPTNGVGY,GRQPTNGVGY
2120,505,H,496,506,GFQPTNGVGY,GFQPTNGVHY
2121,501,Y,497,507,FQPTNGVGYQ,FQPYNGVGYQ
2122,498,R,497,507,FQPTNGVGYQ,RQPTNGVGYQ
2123,505,H,497,507,FQPTNGVGYQ,FQPTNGVHYQ
2124,501,Y,498,508,QPTNGVGYQP,QPYNGVGYQP
2125,498,R,498,508,QPTNGVGYQP,QPTNGVGYQR
2126,505,H,498,508,QPTNGVGYQP,QPTNGVHYQP
2127,501,Y,499,509,PTNGVGYQPY,PYNGVGYQPY
2128,505,H,499,509,PTNGVGYQPY,PTNGVHYQPY
2129,501,Y,500,510,TNGVGYQPYR,YNGVGYQPYR
2130,505,H,500,510,TNGVGYQPYR,TNGVHYQPYR
2131,501,Y,501,511,NGVGYQPYRV,NGVGYQPYRY
2132,505,H,501,511,NGVGYQPYRV,NGVHYQPYRV
2133,505,H,502,512,GVGYQPYRVV,GVHYQPYRVV
2134,505,H,503,513,VGYQPYRVVV,VHYQPYRVVV
2135,505,H,504,514,GYQPYRVVVL,HYQPYRVVVL
2136,505,H,505,515,YQPYRVVVLS,YQPYRVVVLH
2137,547,K,537,547,KCVNFNFNGL,KCVNFNFNGK
2138,547,K,538,548,CVNFNFNGLT,CVNFNFNGKT
2139,547,K,539,549,VNFNFNGLTG,VNFNFNGKTG
2140,547,K,540,550,NFNFNGLTGT,NFNFNGKTGT
2141,547,K,541,551,FNFNGLTGTG,FNFNGKTGTG
2142,547,K,542,552,NFNGLTGTGV,NFNGKTGTGV
2143,547,K,543,553,FNGLTGTGVL,FNGKTGTGVL
2144,547,K,544,554,NGLTGTGVLT,NGKTGTGVLT
2145,547,K,545,555,GLTGTGVLTE,GKTGTGVLTE
2146,547,K,546,556,LTGTGVLTES,KTGTGVLTES
2147,547,K,547,557,TGTGVLTESN,TGTGVLTESK
2148,570,D,560,570,LPFQQFGRDI,LPFQQFGRDD
2149,570,D,561,571,PFQQFGRDIA,PFQQFGRDDA
2150,570,D,562,572,FQQFGRDIAD,FQQFGRDDAD
2151,570,D,563,573,QQFGRDIADT,QQFGRDDADT
2152,570,D,564,574,QFGRDIADTT,QFGRDDADTT
2153,570,D,565,575,FGRDIADTTD,FGRDDADTTD
2154,570,D,566,576,GRDIADTTDA,GRDDADTTDA
2155,570,D,567,577,RDIADTTDAV,RDDADTTDAV
2156,570,D,568,578,DIADTTDAVR,DDADTTDAVR
2157,570,D,569,579,IADTTDAVRD,DADTTDAVRD
2158,570,D,570,580,ADTTDAVRDP,ADTTDAVRDD
2159,614,G,604,614,TSNQVAVLYQ,TSNQVAVLYG
2160,614,G,605,615,SNQVAVLYQD,SNQVAVLYGD
2161,614,G,606,616,NQVAVLYQDV,NQVAVLYGDV
2162,614,G,607,617,QVAVLYQDVN,QVAVLYGDVN
2163,614,G,608,618,VAVLYQDVNC,VAVLYGDVNC
2164,614,G,609,619,AVLYQDVNCT,AVLYGDVNCT
2165,614,G,610,620,VLYQDVNCTE,VLYGDVNCTE
2166,614,G,611,621,LYQDVNCTEV,LYGDVNCTEV
2167,614,G,612,622,YQDVNCTEVP,YGDVNCTEVP
2168,614,G,613,623,QDVNCTEVPV,GDVNCTEVPV
2169,614,G,614,624,DVNCTEVPVA,DVNCTEVPVG
2170,655,Y,645,655,TRAGCLIGAE,TRAGCLIGAY
2171,655,Y,646,656,RAGCLIGAEH,RAGCLIGAYH
2172,655,Y,647,657,AGCLIGAEHV,AGCLIGAYHV
2173,655,Y,648,658,GCLIGAEHVN,GCLIGAYHVN
2174,655,Y,649,659,CLIGAEHVNN,CLIGAYHVNN
2175,655,Y,650,660,LIGAEHVNNS,LIGAYHVNNS
2176,655,Y,651,661,IGAEHVNNSY,IGAYHVNNSY
2177,655,Y,652,662,GAEHVNNSYE,GAYHVNNSYE
2178,655,Y,653,663,AEHVNNSYEC,AYHVNNSYEC
2179,655,Y,654,664,EHVNNSYECD,YHVNNSYECD
2180,655,Y,655,665,HVNNSYECDI,HVNNSYECDY
2181,677,H,667,677,GAGICASYQT,GAGICASYQH
2182,677,H,668,678,AGICASYQTQ,AGICASYQHQ
2183,679,K,669,679,GICASYQTQT,GICASYQTQK
2184,677,H,669,679,GICASYQTQT,GICASYQHQT
2185,679,K,670,680,ICASYQTQTN,ICASYQTQKN
2186,677,H,670,680,ICASYQTQTN,ICASYQHQTN
2187,679,K,671,681,CASYQTQTNS,CASYQTQKNS
2188,681,H,671,681,CASYQTQTNS,CASYQTQTNH
2189,681,R,671,681,CASYQTQTNS,CASYQTQTNR
2190,677,H,671,681,CASYQTQTNS,CASYQHQTNS
2191,679,K,672,682,ASYQTQTNSP,ASYQTQKNSP
2192,681,H,672,682,ASYQTQTNSP,ASYQTQTNHP
2193,681,R,672,682,ASYQTQTNSP,ASYQTQTNRP
2194,677,H,672,682,ASYQTQTNSP,ASYQHQTNSP
2195,679,K,673,683,SYQTQTNSPR,SYQTQKNSPR
2196,681,H,673,683,SYQTQTNSPR,SYQTQTNHPR
2197,681,R,673,683,SYQTQTNSPR,SYQTQTNRPR
2198,677,H,673,683,SYQTQTNSPR,SYQHQTNSPR
2199,679,K,674,684,YQTQTNSPRR,YQTQKNSPRR
2200,681,H,674,684,YQTQTNSPRR,YQTQTNHPRR
2201,681,R,674,684,YQTQTNSPRR,YQTQTNRPRR
2202,677,H,674,684,YQTQTNSPRR,YQHQTNSPRR
2203,679,K,675,685,QTQTNSPRRA,QTQKNSPRRA
2204,681,H,675,685,QTQTNSPRRA,QTQTNHPRRA
2205,681,R,675,685,QTQTNSPRRA,QTQTNRPRRA
2206,677,H,675,685,QTQTNSPRRA,QHQTNSPRRA
2207,679,K,676,686,TQTNSPRRAR,TQKNSPRRAR
2208,681,H,676,686,TQTNSPRRAR,TQTNHPRRAR
2209,681,R,676,686,TQTNSPRRAR,TQTNRPRRAR
2210,677,H,676,686,TQTNSPRRAR,HQTNSPRRAR
2211,679,K,677,687,QTNSPRRARS,QKNSPRRARS
2212,681,H,677,687,QTNSPRRARS,QTNHPRRARS
2213,681,R,677,687,QTNSPRRARS,QTNRPRRARS
2214,677,H,677,687,QTNSPRRARS,QTNSPRRARH
2215,679,K,678,688,TNSPRRARSV,KNSPRRARSV
2216,681,H,678,688,TNSPRRARSV,TNHPRRARSV
2217,681,R,678,688,TNSPRRARSV,TNRPRRARSV
2218,679,K,679,689,NSPRRARSVA,NSPRRARSVK
2219,681,H,679,689,NSPRRARSVA,NHPRRARSVA
2220,681,R,679,689,NSPRRARSVA,NRPRRARSVA
2221,681,H,680,690,SPRRARSVAS,HPRRARSVAS
2222,681,R,680,690,SPRRARSVAS,RPRRARSVAS
2223,681,H,681,691,PRRARSVASQ,PRRARSVASH
2224,681,R,681,691,PRRARSVASQ,PRRARSVASR
2225,701,V,691,701,SIIAYTMSLG,SIIAYTMSLV
2226,701,V,691,701,SIIAYTMSLG,SIIAYTMSLV
2227,701,V,692,702,IIAYTMSLGA,IIAYTMSLVA
2228,701,V,692,702,IIAYTMSLGA,IIAYTMSLVA
2229,701,V,693,703,IAYTMSLGAE,IAYTMSLVAE
2230,701,V,693,703,IAYTMSLGAE,IAYTMSLVAE
2231,701,V,694,704,AYTMSLGAEN,AYTMSLVAEN
2232,701,V,694,704,AYTMSLGAEN,AYTMSLVAEN
2233,701,V,695,705,YTMSLGAENS,YTMSLVAENS
2234,701,V,695,705,YTMSLGAENS,YTMSLVAENS
2235,701,V,696,706,TMSLGAENSV,TMSLVAENSV
2236,701,V,696,706,TMSLGAENSV,TMSLVAENSV
2237,701,V,697,707,MSLGAENSVA,MSLVAENSVA
2238,701,V,697,707,MSLGAENSVA,MSLVAENSVA
2239,701,V,698,708,SLGAENSVAY,SLVAENSVAY
2240,701,V,698,708,SLGAENSVAY,SLVAENSVAY
2241,701,V,699,709,LGAENSVAYS,LVAENSVAYS
2242,701,V,699,709,LGAENSVAYS,LVAENSVAYS
2243,701,V,700,710,GAENSVAYSN,VAENSVAYSN
2244,701,V,700,710,GAENSVAYSN,VAENSVAYSN
2245,701,V,701,711,AENSVAYSNN,AENSVAYSNV
2246,701,V,701,711,AENSVAYSNN,AENSVAYSNV
2247,716,I,706,716,AYSNNSIAIP,AYSNNSIAII
2248,716,I,707,717,YSNNSIAIPT,YSNNSIAIIT
2249,716,I,708,718,SNNSIAIPTN,SNNSIAIITN
2250,716,I,709,719,NNSIAIPTNF,NNSIAIITNF
2251,716,I,710,720,NSIAIPTNFT,NSIAIITNFT
2252,716,I,711,721,SIAIPTNFTI,SIAIITNFTI
2253,716,I,712,722,IAIPTNFTIS,IAIITNFTIS
2254,716,I,713,723,AIPTNFTISV,AIITNFTISV
2255,716,I,714,724,IPTNFTISVT,IITNFTISVT
2256,716,I,715,725,PTNFTISVTT,ITNFTISVTT
2257,716,I,716,726,TNFTISVTTE,TNFTISVTTI
2258,764,K,754,764,LQYGSFCTQL,LQYGSFCTQK
2259,764,K,755,765,QYGSFCTQLN,QYGSFCTQKN
2260,764,K,756,766,YGSFCTQLNR,YGSFCTQKNR
2261,764,K,757,767,GSFCTQLNRA,GSFCTQKNRA
2262,764,K,758,768,SFCTQLNRAL,SFCTQKNRAL
2263,764,K,759,769,FCTQLNRALT,FCTQKNRALT
2264,764,K,760,770,CTQLNRALTG,CTQKNRALTG
2265,764,K,761,771,TQLNRALTGI,TQKNRALTGI
2266,764,K,762,772,QLNRALTGIA,QKNRALTGIA
2267,764,K,763,773,LNRALTGIAV,KNRALTGIAV
2268,764,K,764,774,NRALTGIAVE,NRALTGIAVK
2269,796,Y,786,796,KQIYKTPPIK,KQIYKTPPIY
2270,796,Y,787,797,QIYKTPPIKD,QIYKTPPIYD
2271,796,Y,788,798,IYKTPPIKDF,IYKTPPIYDF
2272,796,Y,789,799,YKTPPIKDFG,YKTPPIYDFG
2273,796,Y,790,800,KTPPIKDFGG,KTPPIYDFGG
2274,796,Y,791,801,TPPIKDFGGF,TPPIYDFGGF
2275,796,Y,792,802,PPIKDFGGFN,PPIYDFGGFN
2276,796,Y,793,803,PIKDFGGFNF,PIYDFGGFNF
2277,796,Y,794,804,IKDFGGFNFS,IYDFGGFNFS
2278,796,Y,795,805,KDFGGFNFSQ,YDFGGFNFSQ
2279,796,Y,796,806,DFGGFNFSQI,DFGGFNFSQY
2280,856,K,846,856,ARDLICAQKF,ARDLICAQKK
2281,856,K,847,857,RDLICAQKFN,RDLICAQKKN
2282,856,K,848,858,DLICAQKFNG,DLICAQKKNG
2283,856,K,849,859,LICAQKFNGL,LICAQKKNGL
2284,859,N,849,859,LICAQKFNGL,LICAQKFNGN
2285,856,K,850,860,ICAQKFNGLT,ICAQKKNGLT
2286,859,N,850,860,ICAQKFNGLT,ICAQKFNGNT
2287,856,K,851,861,CAQKFNGLTV,CAQKKNGLTV
2288,859,N,851,861,CAQKFNGLTV,CAQKFNGNTV
2289,856,K,852,862,AQKFNGLTVL,AQKKNGLTVL
2290,859,N,852,862,AQKFNGLTVL,AQKFNGNTVL
2291,856,K,853,863,QKFNGLTVLP,QKKNGLTVLP
2292,859,N,853,863,QKFNGLTVLP,QKFNGNTVLP
2293,856,K,854,864,KFNGLTVLPP,KKNGLTVLPP
2294,859,N,854,864,KFNGLTVLPP,KFNGNTVLPP
2295,856,K,855,865,FNGLTVLPPL,KNGLTVLPPL
2296,859,N,855,865,FNGLTVLPPL,FNGNTVLPPL
2297,856,K,856,866,NGLTVLPPLL,NGLTVLPPLK
2298,859,N,856,866,NGLTVLPPLL,NGNTVLPPLL
2299,859,N,857,867,GLTVLPPLLT,GNTVLPPLLT
2300,859,N,858,868,LTVLPPLLTD,NTVLPPLLTD
2301,859,N,859,869,TVLPPLLTDE,TVLPPLLTDN
2302,888,L,878,888,LAGTITSGWT,LAGTITSGWL
2303,888,L,879,889,AGTITSGWTF,AGTITSGWLF
2304,888,L,880,890,GTITSGWTFG,GTITSGWLFG
2305,888,L,881,891,TITSGWTFGA,TITSGWLFGA
2306,888,L,882,892,ITSGWTFGAG,ITSGWLFGAG
2307,888,L,883,893,TSGWTFGAGA,TSGWLFGAGA
2308,888,L,884,894,SGWTFGAGAA,SGWLFGAGAA
2309,888,L,885,895,GWTFGAGAAL,GWLFGAGAAL
2310,888,L,886,896,WTFGAGAALQ,WLFGAGAALQ
2311,888,L,887,897,TFGAGAALQI,LFGAGAALQI
2312,888,L,888,898,FGAGAALQIP,FGAGAALQIL
2313,950,N,940,950,STASALGKLQ,STASALGKLN
2314,950,N,941,951,TASALGKLQD,TASALGKLND
2315,950,N,942,952,ASALGKLQDV,ASALGKLNDV
2316,950,N,943,953,SALGKLQDVV,SALGKLNDVV
2317,950,N,944,954,ALGKLQDVVN,ALGKLNDVVN
2318,954,H,944,954,ALGKLQDVVN,ALGKLQDVVH
2319,950,N,945,955,LGKLQDVVNQ,LGKLNDVVNQ
2320,954,H,945,955,LGKLQDVVNQ,LGKLQDVVHQ
2321,950,N,946,956,GKLQDVVNQN,GKLNDVVNQN
2322,954,H,946,956,GKLQDVVNQN,GKLQDVVHQN
2323,950,N,947,957,KLQDVVNQNA,KLNDVVNQNA
2324,954,H,947,957,KLQDVVNQNA,KLQDVVHQNA
2325,950,N,948,958,LQDVVNQNAQ,LNDVVNQNAQ
2326,954,H,948,958,LQDVVNQNAQ,LQDVVHQNAQ
2327,950,N,949,959,QDVVNQNAQA,NDVVNQNAQA
2328,954,H,949,959,QDVVNQNAQA,QDVVHQNAQA
2329,950,N,950,960,DVVNQNAQAL,DVVNQNAQAN
2330,954,H,950,960,DVVNQNAQAL,DVVHQNAQAL
2331,954,H,951,961,VVNQNAQALN,VVHQNAQALN
2332,954,H,952,962,VNQNAQALNT,VHQNAQALNT
2333,954,H,953,963,NQNAQALNTL,HQNAQALNTL
2334,954,H,954,964,QNAQALNTLV,QNAQALNTLH
2335,969,K,959,969,LNTLVKQLSS,LNTLVKQLSK
2336,969,K,960,970,NTLVKQLSSN,NTLVKQLSKN
2337,969,K,961,971,TLVKQLSSNF,TLVKQLSKNF
2338,969,K,962,972,LVKQLSSNFG,LVKQLSKNFG
2339,969,K,963,973,VKQLSSNFGA,VKQLSKNFGA
2340,969,K,964,974,KQLSSNFGAI,KQLSKNFGAI
2341,969,K,965,975,QLSSNFGAIS,QLSKNFGAIS
2342,969,K,966,976,LSSNFGAISS,LSKNFGAISS
2343,969,K,967,977,SSNFGAISSV,SKNFGAISSV
2344,969,K,968,978,SNFGAISSVL,KNFGAISSVL
2345,969,K,969,979,NFGAISSVLN,NFGAISSVLK
2346,981,F,971,981,GAISSVLNDI,GAISSVLNDF
2347,981,F,972,982,AISSVLNDIL,AISSVLNDFL
2348,982,A,972,982,AISSVLNDIL,AISSVLNDIA
2349,981,F,973,983,ISSVLNDILS,ISSVLNDFLS
2350,982,A,973,983,ISSVLNDILS,ISSVLNDIAS
2351,981,F,974,984,SSVLNDILSR,SSVLNDFLSR
2352,982,A,974,984,SSVLNDILSR,SSVLNDIASR
2353,981,F,975,985,SVLNDILSRL,SVLNDFLSRL
2354,982,A,975,985,SVLNDILSRL,SVLNDIASRL
2355,981,F,976,986,VLNDILSRLD,VLNDFLSRLD
2356,982,A,976,986,VLNDILSRLD,VLNDIASRLD
2357,981,F,977,987,LNDILSRLDK,LNDFLSRLDK
2358,982,A,977,987,LNDILSRLDK,LNDIASRLDK
2359,981,F,978,988,NDILSRLDKV,NDFLSRLDKV
2360,982,A,978,988,NDILSRLDKV,NDIASRLDKV
2361,981,F,979,989,DILSRLDKVE,DFLSRLDKVE
2362,982,A,979,989,DILSRLDKVE,DIASRLDKVE
2363,981,F,980,990,ILSRLDKVEA,FLSRLDKVEA
2364,982,A,980,990,ILSRLDKVEA,IASRLDKVEA
2365,981,F,981,991,LSRLDKVEAE,LSRLDKVEAF
2366,982,A,981,991,LSRLDKVEAE,ASRLDKVEAE
2367,982,A,982,992,SRLDKVEAEV,SRLDKVEAEA
2368,1027,I,1017,1027,EIRASANLAA,EIRASANLAI
2369,1027,I,1018,1028,IRASANLAAT,IRASANLAIT
2370,1027,I,1019,1029,RASANLAATK,RASANLAITK
2371,1027,I,1020,1030,ASANLAATKM,ASANLAITKM
2372,1027,I,1021,1031,SANLAATKMS,SANLAITKMS
2373,1027,I,1022,1032,ANLAATKMSE,ANLAITKMSE
2374,1027,I,1023,1033,NLAATKMSEC,NLAITKMSEC
2375,1027,I,1024,1034,LAATKMSECV,LAITKMSECV
2376,1027,I,1025,1035,AATKMSECVL,AITKMSECVL
2377,1027,I,1026,1036,ATKMSECVLG,ITKMSECVLG
2378,1027,I,1027,1037,TKMSECVLGQ,TKMSECVLGI
2379,1071,H,1061,1071,VFLHVTYVPA,VFLHVTYVPH
2380,1071,H,1062,1072,FLHVTYVPAQ,FLHVTYVPHQ
2381,1071,H,1063,1073,LHVTYVPAQE,LHVTYVPHQE
2382,1071,H,1064,1074,HVTYVPAQEK,HVTYVPHQEK
2383,1071,H,1065,1075,VTYVPAQEKN,VTYVPHQEKN
2384,1071,H,1066,1076,TYVPAQEKNF,TYVPHQEKNF
2385,1071,H,1067,1077,YVPAQEKNFT,YVPHQEKNFT
2386,1071,H,1068,1078,VPAQEKNFTT,VPHQEKNFTT
2387,1071,H,1069,1079,PAQEKNFTTA,PHQEKNFTTA
2388,1071,H,1070,1080,AQEKNFTTAP,HQEKNFTTAP
2389,1071,H,1071,1081,QEKNFTTAPA,QEKNFTTAPH
2390,1118,H,1108,1118,NFYEPQIITT,NFYEPQIITH
2391,1118,H,1109,1119,FYEPQIITTD,FYEPQIITHD
2392,1118,H,1110,1120,YEPQIITTDN,YEPQIITHDN
2393,1118,H,1111,1121,EPQIITTDNT,EPQIITHDNT
2394,1118,H,1112,1122,PQIITTDNTF,PQIITHDNTF
2395,1118,H,1113,1123,QIITTDNTFV,QIITHDNTFV
2396,1118,H,1114,1124,IITTDNTFVS,IITHDNTFVS
2397,1118,H,1115,1125,ITTDNTFVSG,ITHDNTFVSG
2398,1118,H,1116,1126,TTDNTFVSGN,THDNTFVSGN
2399,1118,H,1117,1127,TDNTFVSGNC,HDNTFVSGNC
2400,1118,H,1118,1128,DNTFVSGNCD,DNTFVSGNCH
2401,1176,F,1166,1176,LGDISGINAS,LGDISGINAF
2402,1176,F,1167,1177,GDISGINASV,GDISGINAFV
2403,1176,F,1168,1178,DISGINASVV,DISGINAFVV
2404,1176,F,1169,1179,ISGINASVVN,ISGINAFVVN
2405,1176,F,1170,1180,SGINASVVNI,SGINAFVVNI
2406,1176,F,1171,1181,GINASVVNIQ,GINAFVVNIQ
2407,1176,F,1172,1182,INASVVNIQK,INAFVVNIQK
2408,1176,F,1173,1183,NASVVNIQKE,NAFVVNIQKE
2409,1176,F,1174,1184,ASVVNIQKEI,AFVVNIQKEI
2410,1176,F,1175,1185,SVVNIQKEID,FVVNIQKEID
2411,1176,F,1176,1186,VVNIQKEIDR,VVNIQKEIDF
